CPG.L,NG.L,BP.L,FERG.L,BATS.L,LIN,RKT.L,ULVR.L,SHEL.L,LLOY.L
714.6855,430.51486,139.07794,4350.67,1337.2568,128.65224,3104.9695,1963.5328,693.68005,20.731316
714.24054,430.47342,138.9904,4350.7676,1337.2988,128.74748,3104.6772,1963.8474,693.09576,20.767717
710.7817,428.3758,138.48346,4327.187,1330.2145,128.20811,3088.529,1953.1025,689.8486,20.881517
711.6242,428.9511,138.66579,4334.0225,1332.2247,128.43658,3091.071,1956.7468,690.5675,20.83325
711.8059,429.0261,138.64548,4335.4736,1332.6289,128.39642,3092.9766,1957.0089,690.7854,20.823727
740.22784,413.6189,150.81856,4289.0894,1279.5345,128.2373,2979.7585,1912.0804,726.4074,21.368458
740.1262,413.71768,150.86537,4289.6465,1279.7438,128.3372,2979.3135,1912.5918,726.2126,21.414701
736.2616,411.64502,150.21272,4266.371,1272.9349,127.784744,2963.859,1902.1906,722.5283,21.514519
737.46985,412.24637,150.49179,4270.8716,1274.3457,128.03604,2966.2683,1904.3655,723.57916,21.483284
737.50543,412.30014,150.44122,4272.8364,1274.8264,127.97449,2968.081,1905.104,723.70514,21.464788
777.84454,415.95984,158.72884,4250.446,1285.2786,127.66915,3066.7688,1914.701,755.5903,22.066074
777.4663,415.87576,158.71669,4250.049,1284.9382,127.73212,3065.8376,1914.3534,755.02136,22.107855
773.5758,413.86746,158.0574,4227.5947,1278.5223,127.211876,3049.931,1904.6042,751.3802,22.206234
774.6066,414.44446,158.31276,4231.448,1279.5668,127.42964,3053.315,1906.0616,752.2589,22.176945
774.7482,414.4957,158.27942,4233.7246,1280.3102,127.38724,3054.6157,1907.2706,752.45386,22.158566
788.1168,422.90924,161.69485,4403.149,1310.566,135.67711,3056.4724,1951.224,775.19684,22.287642
787.7355,422.81036,161.79538,4401.6147,1310.095,135.75177,3056.122,1950.8204,775.03186,22.334915
783.78894,420.74658,161.05954,4378.6167,1303.421,135.1786,3040.1226,1940.6344,771.0574,22.430113
784.8308,421.3943,161.36653,4383.7134,1304.943,135.41856,3043.142,1942.9423,772.2031,22.40166
784.97205,421.41498,161.3146,4385.3564,1305.3965,135.379,3044.6885,1943.6493,772.3353,22.383234
751.46216,422.65054,158.40196,4307.2188,1373.8069,137.4512,3143.7522,1977.335,747.8275,22.409283
752.0016,422.56482,158.51381,4309.0317,1372.9332,137.5528,3142.7031,1977.209,747.95166,22.456583
747.78796,420.4783,157.79584,4284.558,1366.0612,136.94722,3126.256,1966.6459,744.0159,22.550152
749.2592,421.15878,158.0938,4292.5083,1367.6276,137.21753,3130.0288,1969.4176,745.2417,22.523626
749.27057,421.1507,158.04399,4293.2607,1368.0704,137.16129,3131.0808,1969.9519,745.36945,22.502975
736.1911,435.37723,153.47957,4323.5264,1388.8461,140.24783,3192.0503,2009.6705,719.92834,22.70491
736.22876,435.26187,153.52988,4322.328,1388.8746,140.28792,3191.6675,2009.3793,719.93896,22.752287
732.5505,433.10785,152.8904,4300.115,1381.3297,139.71353,3174.5686,1998.7396,716.27277,22.84266
733.24945,433.82065,153.12018,4303.316,1383.7267,139.93723,3178.7007,2001.3431,717.3049,22.82169
733.59576,433.80612,153.10796,4306.116,1383.8671,139.90984,3179.582,2001.9287,717.47675,22.79703
759.27167,439.52985,153.65677,4416.378,1368.5415,143.2673,3208.114,2018.8209,712.7073,23.368725
758.6501,439.29318,153.67563,4414.587,1368.4502,143.36823,3207.8594,2018.3014,712.73724,23.413843
755.07947,437.19162,153.03305,4392.269,1361.2577,142.73451,3190.7588,2007.7869,709.1401,23.506046
755.81335,437.8298,153.27963,4395.189,1363.0074,143.0072,3194.7402,2010.143,709.9138,23.47689
756.0999,437.85043,153.24261,4398.213,1363.4352,142.95781,3195.8696,2010.8646,710.16547,23.461288
785.9039,449.7329,154.58687,4532.266,1384.9974,145.10335,3242.2454,2043.0333,704.4614,23.668337
785.6302,449.73145,154.58644,4532.342,1385.0532,145.2071,3241.668,2042.9612,704.3773,23.714329
781.62836,447.43213,153.94548,4507.649,1377.5975,144.56369,3224.6084,2032.0104,700.9112,23.803423
782.74695,448.23608,154.19536,4514.689,1379.8315,144.83743,3228.3665,2034.9833,701.54846,23.777874
782.8474,448.1998,154.15709,4515.9536,1380.0983,144.78963,3229.659,2035.5392,701.8651,23.760006
780.6198,455.21304,152.96138,4561.482,1386.7908,147.14555,3311.4714,2048.9304,689.75806,22.881691
780.6035,455.10483,153.07068,4561.3623,1387.3678,147.24693,3310.5117,2048.882,690.0854,22.9256
776.51556,452.8457,152.38261,4536.863,1379.6675,146.58775,3293.1638,2037.9006,686.39935,23.01286
777.79425,453.58337,152.67389,4542.6406,1382.1672,146.87318,3297.0757,2040.8629,687.4815,22.998802
777.8952,453.58603,152.61934,4544.294,1382.4177,146.81781,3298.2698,2041.4417,687.608,22.965221
785.0607,453.10684,152.80498,4547.3745,1350.6812,147.35686,3237.5178,2022.8037,681.3361,23.481258
784.9735,453.11188,152.80771,4547.341,1351.0226,147.46518,3239.2996,2023.3217,681.301,23.51531
780.9158,450.80325,152.17749,4522.605,1343.827,146.8109,3220.872,2012.4414,677.928,23.606005
782.1124,451.59778,152.42143,4529.929,1345.2754,147.08575,3226.721,2014.5985,678.5746,23.588026
782.2464,451.57465,152.3869,4531.2144,1345.863,147.03966,3227.43,2015.5255,678.8717,23.557987
781.3524,461.47934,158.64536,4585.6104,1354.2122,147.73212,3201.443,2097.121,695.0404,24.642399
781.25946,461.2225,158.66083,4584.3486,1353.4927,147.76695,3201.4697,2096.4993,694.6269,24.688007
777.265,459.02008,157.9966,4560.6904,1346.9607,147.15277,3184.5518,2085.562,691.29614,24.772537
778.3045,459.66843,158.24583,4564.221,1347.772,147.3889,3187.4192,2088.09,692.04913,24.750763
778.4911,459.7078,158.2197,4567.0527,1348.7078,147.35358,3189.2488,2088.7722,692.27295,24.731447
770.9549,463.98557,158.91786,4572.79,1392.6793,151.58733,3150.9846,2105.7893,695.22614,25.267511
771.40826,463.9472,159.02386,4573.2783,1392.5764,151.69427,3151.0083,2105.6323,695.3099,25.313772
767.1228,461.59665,158.30646,4548.056,1385.1982,151.00807,3134.2766,2094.4104,691.65955,25.394852
768.611,462.3944,158.59998,4555.928,1387.1687,151.30522,3137.2354,2097.249,692.8255,25.374304
768.6217,462.37283,158.5528,4557.0273,1387.5092,151.24617,3138.8909,2097.8691,692.90405,25.35512
762.36163,471.5535,159.70448,4656.634,1385.7145,151.96227,3179.2656,2121.469,696.3582,25.84864
762.3947,471.37866,159.80443,4654.554,1385.7666,152.06816,3178.5732,2121.3167,696.47046,25.894838
758.50616,469.0497,159.08124,4631.039,1378.3268,151.38509,3162.1086,2110.016,692.8019,25.972254
759.29614,469.80203,159.38544,4634.1123,1380.5768,151.67491,3164.6904,2112.88,693.98883,25.956211
759.58026,469.7887,159.33109,4637.2695,1380.8732,151.62022,3166.5562,2113.5254,694.0687,25.9343
797.9892,476.075,158.83945,4766.2676,1376.7295,152.84186,3188.5703,2107.171,684.9444,26.298523
797.4578,476.00815,158.94774,4766.33,1376.7953,152.9279,3188.608,2107.248,685.1263,26.338968
793.60864,473.62,158.23393,4740.5195,1369.4465,152.25655,3171.4172,2095.9036,681.5206,26.4167
794.50006,474.3971,158.52165,4746.8657,1371.529,152.52936,3176.1135,2099.226,682.65106,26.401443
794.75214,474.40863,158.48033,4748.39,1371.8962,152.48657,3177.1672,2099.862,682.7675,26.37781
803.1557,465.51785,163.40227,4825.384,1367.7487,151.86485,3177.735,2109.8862,693.88995,26.549025
803.12036,465.70367,163.47331,4823.688,1367.5194,151.98409,3177.3079,2109.8152,693.7672,26.591545
798.89746,463.25336,162.74776,4798.5444,1360.5742,151.29704,3160.578,2098.7366,690.2937,26.667078
800.2184,464.1147,163.04034,4804.026,1361.6891,151.59009,3164.1423,2100.9475,691.19257,26.653
800.29596,464.09952,162.99776,4805.955,1362.473,151.53555,3165.491,2101.9324,691.37616,26.628674
805.1695,460.48535,166.37459,4766.6943,1389.931,148.48122,3211.0369,2120.0144,708.85077,25.648178
805.14136,460.4311,166.4288,4767.068,1389.7673,148.52782,3210.4067,2119.9219,708.3767,25.690172
800.9337,458.1803,165.69202,4740.7793,1382.4998,147.91154,3193.6987,2108.7292,704.97046,25.764776
802.21466,458.79517,165.98773,4749.032,1384.3198,148.14468,3196.7988,2111.1287,705.7822,25.75825
802.3368,458.8813,165.94012,4750.101,1384.7611,148.1196,3198.4392,2111.9883,705.9763,25.724176
794.04193,466.02353,165.36566,4843.918,1397.3226,146.77538,3220.7192,2138.6943,717.61456,25.312416
794.2776,465.981,165.49608,4844.0654,1397.3241,146.815,3221.1746,2138.665,717.8181,25.347141
790.0107,463.6599,164.71284,4817.9805,1389.8457,146.2028,3203.419,2127.1802,713.94305,25.424894
791.3998,464.3844,165.06427,4823.7046,1392.0587,146.44835,3208.9968,2130.369,715.2767,25.413609
791.50464,464.4189,164.98105,4825.598,1392.3585,146.40811,3209.7441,2130.9756,715.2898,25.375963
766.58075,464.16455,164.12224,4904.327,1384.9128,146.78285,3203.083,2114.095,728.54724,24.887983
766.8127,464.11276,164.23978,4903.306,1384.7899,146.81325,3203.2678,2114.396,728.4556,24.929443
762.8296,461.80246,163.4952,4877.4316,1377.6,146.2025,3186.1882,2103.1401,724.74054,25.00571
763.7085,462.5259,163.7897,4883.124,1379.0903,146.44572,3189.2854,2105.2834,725.8073,24.996489
763.99286,462.55325,163.75342,4885.057,1379.6595,146.40385,3190.9226,2106.302,725.96857,24.961542
779.5083,465.0409,161.99179,5007.0166,1395.3903,147.71397,3200.8347,2113.7605,728.8866,24.920683
779.0442,464.93665,162.08772,5006.0645,1395.3115,147.79216,3200.4048,2113.77,728.70703,24.960686
775.3502,462.64835,161.37477,4979.5273,1387.9512,147.15771,3183.681,2102.7107,725.04736,25.036654
776.07263,463.34906,161.64499,4985.483,1389.8726,147.41115,3186.4155,2104.606,726.03357,25.029945
776.431,463.3854,161.62367,4987.3247,1390.279,147.37555,3188.2341,2105.7717,726.21216,24.993553
750.4996,473.15744,157.91487,5125.2285,1379.2917,148.10614,3198.7146,2137.5403,724.702,24.828308
750.84625,473.04706,157.97807,5123.5264,1379.4811,148.1833,3198.8447,2137.4644,724.6527,24.868412
746.8219,470.69284,157.3071,5096.641,1372.1796,147.54321,3181.4446,2126.0837,720.9588,24.94654
747.99945,471.45184,157.55367,5102.6694,1373.7117,147.80466,3186.445,2128.7302,721.98193,24.938791
748.1588,471.45624,157.53752,5104.5063,1374.2639,147.76186,3187.3174,2129.4402,722.15186,24.904802
722.11707,466.56635,148.42613,5030.8916,1374.954,147.94089,3179.5227,2140.8591,693.3322,24.23336
722.3494,466.57126,148.57622,5031.345,1375.2004,148.0041,3179.398,2140.6062,693.70197,24.272396
718.57837,464.23105,147.90022,5003.6196,1367.771,147.36795,3162.6338,2129.3489,689.94116,24.353893
719.446,464.97046,148.18983,5012.2393,1370.0311,147.63222,3165.928,2131.9028,691.05005,24.34097
719.66187,465.0148,148.13655,5013.4697,1370.3752,147.58398,3167.4878,2132.7195,691.13403,24.302507
740.83905,465.63663,148.14926,5071.186,1369.7356,151.20206,3031.8752,2060.4875,690.86053,24.552914
740.74927,465.53046,148.17342,5071.212,1369.6693,151.27208,3034.2996,2061.17,690.71594,24.590214
736.97815,463.25775,147.57225,5043.903,1362.6255,150.61931,3016.8105,2049.7783,687.2897,24.673452
737.9727,463.9171,147.79036,5050.5894,1363.886,150.8804,3022.3333,2052.2998,688.10535,24.659546
738.1417,463.9817,147.77312,5052.502,1364.604,150.84167,3023.1165,2052.9526,688.305,24.627373
751.59906,465.6601,152.24684,5038.4136,1343.2146,154.18167,2789.7986,2055.6777,723.43286,24.954254
751.5212,465.6082,152.2355,5037.9897,1343.4608,154.2442,2790.078,2055.3394,723.022,24.9911
747.6588,463.29712,151.62917,5011.405,1336.3835,153.57945,2775.063,2044.8358,719.5242,25.074724
748.7844,464.00504,151.83919,5015.8364,1337.7325,153.8413,2780.4414,2046.4277,720.36597,25.059958
748.92346,464.04642,151.82765,5018.6846,1338.3721,153.8059,2780.4937,2047.7258,720.57776,25.030962
751.6501,475.51834,157.48085,5035.2925,1328.5383,154.989,2787.6477,2050.7444,736.17365,24.792097
751.675,475.3736,157.53665,5035.713,1328.4186,155.0697,2788.1965,2050.5361,735.99963,24.83278
747.73145,473.0382,156.8496,5008.654,1321.6119,154.38354,2772.7317,2039.8972,732.2375,24.911758
748.9746,473.76184,157.12817,5013.6094,1322.7711,154.66815,2777.8916,2041.6478,733.3362,24.902445
749.06604,473.79367,157.08287,5016.158,1323.4802,154.61717,2778.3118,2042.8113,733.4351,24.868303
745.2488,484.0444,154.91331,5034.797,1334.9082,157.4042,2812.6255,2045.568,719.03864,24.241327
745.1549,483.85413,154.99986,5034.992,1334.7605,157.4965,2812.3838,2045.5527,719.0575,24.281284
741.3731,481.46878,154.3132,5007.543,1327.8768,156.79654,2797.7163,2034.6692,715.3167,24.364422
742.32166,482.23242,154.596,5015.383,1329.3129,157.07922,2800.0764,2037.4503,716.4588,24.34908
742.5225,482.2321,154.54686,5016.9043,1329.8809,157.03697,2801.7463,2038.1747,716.5657,24.313257
744.1594,483.7034,151.0386,5050.018,1338.5194,158.92062,2761.422,2022.9719,707.34784,23.782345
743.8887,483.80334,151.04092,5049.394,1338.386,159.02501,2762.216,2023.2885,707.1007,23.81325
740.231,481.27515,150.44044,5022.969,1331.4294,158.30844,2747.2913,2012.3777,703.7029,23.903503
741.039,482.16678,150.64908,5027.1616,1333.0376,158.60115,2750.2217,2015.2213,704.3212,23.878155
741.2975,482.13602,150.64388,5030.213,1333.5289,158.5545,2751.5674,2015.9452,704.6653,23.853716
753.9835,473.16708,153.09851,5172.1387,1344.9299,159.7493,2767.6477,1991.7108,718.39856,23.406412
753.7743,473.12192,153.15259,5169.1445,1344.7229,159.83833,2767.348,1992.3984,718.2627,23.446394
749.98004,470.7904,152.4955,5142.798,1337.7317,159.12866,2752.92,1981.6677,714.65326,23.532637
750.9859,471.44846,152.75778,5148.27,1339.4097,159.41122,2755.2585,1983.777,715.5576,23.51455
751.1594,471.53055,152.71896,5150.522,1339.8556,159.37042,2756.8682,1984.7635,715.7397,23.480394
726.9229,471.49493,152.05917,5225.8657,1332.4752,159.21523,2832.6484,1986.4756,710.4444,22.899313
727.18164,471.46793,152.13446,5225.8594,1332.6814,159.30632,2832.6255,1986.5149,710.4804,22.936802
723.33185,469.13727,151.4749,5197.673,1325.5035,158.59636,2817.414,1976.0789,706.81793,23.026514
724.3756,469.8065,151.73941,5204.2817,1327.6455,158.8844,2821.4055,1977.9045,707.87225,23.002838
724.5446,469.88437,151.70119,5206.1123,1327.9827,158.83879,2822.3542,1978.9728,708.0199,22.971888
730.3115,484.07092,155.63501,5214.8027,1320.4406,158.9363,2887.9844,1964.0521,725.7413,23.816336
730.11597,483.9682,155.7029,5214.87,1320.564,159.02718,2887.1436,1964.6438,725.58636,23.856201
726.49097,481.56265,155.02145,5186.743,1313.6924,158.32024,2872.1335,1954.0685,721.91254,23.941982
727.33844,482.31815,155.30013,5193.4604,1314.9669,158.60626,2875.395,1956.1368,722.94055,23.928408
727.56903,482.34314,155.2551,5195.354,1315.6372,158.5624,2876.575,1957.0782,723.0863,23.897226
735.2479,470.215,160.54854,5219.0005,1323.5154,156.72075,2897.9343,1979.2078,749.972,23.729357
735.12317,470.40363,160.5694,5217.7036,1323.4861,156.73601,2897.9216,1979.2343,749.4044,23.76589
731.3825,467.95322,159.8915,5190.863,1316.6243,156.10144,2882.1956,1968.7522,745.8326,23.85314
732.37415,468.77673,160.14697,5194.664,1318.0535,156.32135,2886.8162,1971.0735,746.6666,23.838078
732.5232,468.8033,160.12025,5198.16,1318.6381,156.31923,2887.5415,1971.865,746.9008,23.807364
761.7033,450.1847,172.67365,5132.478,1299.1881,151.19945,2842.4678,1974.1954,818.3375,24.39647
761.5572,450.18594,172.75629,5132.6445,1299.9341,151.26556,2843.1829,1974.3901,818.0094,24.44185
757.6745,447.9774,171.95227,5105.2744,1292.635,150.63257,2827.6458,1963.6959,813.82477,24.523825
758.75244,448.6009,172.30013,5110.018,1294.9694,150.8645,2831.723,1966.8927,814.9972,24.50949
758.91327,448.69153,172.22879,5112.8804,1295.1927,150.84846,2832.784,1967.4403,815.076,24.480585
750.9143,448.97586,178.60905,5118.174,1269.5116,151.2754,2750.7961,1937.0323,841.87537,25.136711
750.8764,449.10345,178.64104,5118.6416,1269.4911,151.33478,2751.189,1937.1415,841.39716,25.175108
746.97015,446.83426,177.82784,5091.1177,1262.9509,150.69655,2736.4233,1926.8887,837.1642,25.259344
748.1593,447.48053,178.17094,5096.8013,1264.1167,150.94032,2739.1614,1928.7639,838.30115,25.241373
748.2604,447.55746,178.09877,5099.114,1264.7587,150.91438,2740.545,1929.7251,838.40247,25.216547
737.4965,452.56808,182.74017,5167.118,1281.5779,155.34546,2737.2498,1923.0685,867.81195,26.08007
737.515,452.48605,182.81316,5165.767,1281.3586,155.36586,2737.1123,1923.0658,867.3782,26.122547
733.7348,450.29163,181.9674,5139.179,1274.8441,154.72823,2722.7346,1913.0034,863.0159,26.20191
734.7725,450.90082,182.31378,5143.39,1276.1064,154.95984,2725.1682,1914.7333,864.14874,26.182814
734.9719,450.984,182.25262,5146.5977,1276.7246,154.94759,2726.6848,1915.789,864.3114,26.162766
723.9504,457.08148,183.38017,5292.872,1286.5669,159.15323,2725.403,1916.0038,877.3889,26.162125
724.13605,456.99954,183.47075,5291.4854,1286.4884,159.2244,2724.9824,1915.6292,877.2557,26.206326
720.40076,454.74887,182.60976,5263.732,1279.7632,158.52444,2710.9473,1905.9027,872.6647,26.28388
721.21655,455.4422,182.97075,5269.7188,1281.4535,158.80344,2713.039,1907.3115,874.06714,26.267405
721.4851,455.4843,182.90059,5271.921,1281.8795,158.761,2714.801,1908.5718,874.1603,26.245047
768.8329,471.98163,181.92334,5434.2275,1274.2301,162.18738,2909.479,1936.5155,851.3441,26.734518
768.3261,471.7985,181.98288,5432.4277,1274.3875,162.27794,2908.0564,1936.3037,851.7364,26.775116
764.5869,469.4851,181.14877,5403.9326,1267.5663,161.54674,2893.105,1926.093,847.0641,26.849007
765.5089,470.21075,181.49178,5410.302,1269.5107,161.84438,2896.412,1928.4836,848.63226,26.838446
765.69556,470.2248,181.42706,5412.311,1269.8488,161.79623,2897.4675,1929.1453,848.70825,26.811752
786.7698,476.0816,176.26624,5598.318,1261.1353,169.30618,2989.1558,1932.1055,834.5501,26.172928
786.5248,476.0468,176.29967,5596.793,1261.1399,169.3897,2988.615,1932.1656,834.5182,26.21398
782.5193,473.63464,175.53336,5567.2866,1254.6359,168.6181,2972.7166,1921.7775,830.36096,26.294977
783.64075,474.44208,175.81625,5573.8887,1255.778,168.93138,2976.5176,1924.5442,831.09076,26.27171
783.7674,474.4396,175.79054,5575.9487,1256.4385,168.8823,2977.3755,1925.082,831.5226,26.252525
770.2426,489.18796,176.31873,5802.288,1289.7603,170.34776,3056.75,1930.2815,834.79364,26.420454
770.4741,489.04013,176.3618,5799.665,1289.5326,170.47313,3056.5415,1930.3208,834.67444,26.459593
766.29974,486.6089,175.57751,5769.5967,1282.8495,169.66537,3040.1558,1919.9897,830.49634,26.53234
767.72205,487.38553,175.8841,5776.1577,1284.4812,170.01881,3044.15,1922.7699,831.3135,26.525646
767.75885,487.39413,175.8376,5778.4077,1284.9003,169.94716,3045.084,1923.3784,831.66327,26.49222
756.74615,501.3081,169.67014,5766.9326,1271.8591,165.70442,3056.768,1937.8385,807.43365,25.734112
756.7757,501.1149,169.76184,5768.375,1271.9255,165.82286,3056.6865,1937.4584,807.625,25.775038
752.94574,498.63242,169.01385,5735.977,1265.2628,165.05547,3040.1326,1927.4487,803.4477,25.84517
753.69904,499.42154,169.29694,5746.4023,1266.7603,165.38034,3044.9011,1929.474,804.34894,25.844276
754.02203,499.42606,169.27893,5747.4775,1267.2578,165.31485,3045.6958,1930.3813,804.6419,25.802763
763.73267,508.91196,175.46281,5817.167,1291.1299,165.66475,3051.6006,1935.5184,825.3559,25.102476
763.2374,508.6233,175.38226,5814.391,1290.3605,165.6569,3051.2864,1935.1545,824.7019,25.13759
759.62775,506.143,174.67484,5785.0244,1283.9905,164.97888,3035.194,1925.2393,820.843,25.216423
760.3256,506.89807,174.92134,5788.8477,1285.2649,165.21535,3038.6423,1926.8944,821.59,25.203327
760.6638,506.90085,174.90741,5792.8296,1285.8369,165.20833,3039.9502,1928.0029,821.96326,25.170506
764.1356,527.3772,174.4462,6109.6167,1343.1875,169.80188,3058.8682,1981.2289,816.4891,24.618086
764.2093,527.17334,174.54805,6107.993,1342.9001,169.87303,3058.9617,1980.7153,816.75684,24.655678
760.1726,524.541,173.73921,6075.831,1335.9142,169.1112,3042.6802,1970.4116,812.3422,24.735218
761.449,525.38043,174.07747,6082.8877,1337.6438,169.4159,3045.9475,1972.7504,813.803,24.72382
761.5321,525.37634,174.01562,6085.264,1338.0359,169.36824,3047.3438,1973.4666,813.8915,24.685461
773.40375,537.53986,169.99399,6277.244,1365.113,170.64853,3084.1472,1963.3152,798.3547,24.553724
772.98486,537.24255,170.05772,6276.5244,1364.256,170.75691,3083.477,1963.2787,798.39484,24.588364
769.2087,534.60223,169.30579,6242.907,1357.4473,169.95805,3067.3738,1952.7992,794.355,24.671885
770.0763,535.4103,169.60103,6250.627,1358.975,170.304,3070.7551,1955.649,795.13556,24.654644
770.31244,535.4132,169.56361,6252.7935,1359.4474,170.22903,3072.107,1956.2683,795.4884,24.626808
815.674,539.1979,170.7894,6459.29,1358.7069,174.12244,3126.9956,1957.5383,808.6898,25.38538
815.40466,539.24915,170.86719,6457.998,1358.7672,174.15524,3126.3694,1957.4694,808.6612,25.42728
811.2506,536.4397,170.10179,6423.735,1351.4266,173.3928,3109.9233,1947.1809,804.497,25.503553
812.379,537.4032,170.40164,6431.395,1353.7262,173.68416,3113.5916,1949.366,805.621,25.495441
812.5215,537.3967,170.36296,6433.7993,1353.9414,173.64941,3114.7834,1950.2113,805.8189,25.461685
843.0156,530.2724,182.66617,6335.812,1399.1274,172.90999,3124.5037,1956.6678,854.4384,27.478065
842.8699,530.3133,182.66824,6339.9023,1398.516,173.01874,3124.4148,1956.9269,854.1329,27.518543
838.4679,527.5797,181.86137,6303.3477,1391.3721,172.21484,3107.666,1946.4988,849.81525,27.589668
839.7916,528.47626,182.17839,6314.966,1393.0525,172.55196,3111.7478,1948.5737,850.93243,27.578148
839.8779,528.4945,182.13094,6316.3613,1393.4718,172.48793,3112.8062,1949.4451,851.12646,27.55364
851.5217,541.808,197.7528,6193.897,1512.474,166.95056,3119.1882,1897.2126,910.3897,28.757063
851.3059,541.5417,197.7634,6197.02,1510.9619,167.08678,3118.4504,1898.3606,909.81885,28.804134
846.9261,538.9244,196.85468,6161.8394,1503.6453,166.30602,3102.4082,1887.556,905.28894,28.865837
848.173,539.6482,197.2273,6169.8125,1505.2054,166.6335,3104.806,1890.2745,906.41754,28.85861
848.31476,539.73694,197.16025,6171.8813,1505.75,166.56833,3106.7527,1890.6787,906.6062,28.836235
826.357,541.4589,195.81807,5736.6143,1556.4132,159.26207,3134.4788,1896.6995,908.487,27.34964
826.4963,541.45215,195.81082,5740.4893,1556.0428,159.37811,3135.0623,1895.6648,907.9563,27.38918
822.151,538.676,194.91145,5706.8345,1547.8939,158.68042,3117.788,1886.5073,903.39154,27.457888
823.21027,539.5857,195.29546,5717.979,1549.9249,158.93452,3123.1165,1887.632,904.5648,27.453197
823.4193,539.60254,195.20644,5718.8774,1550.3358,158.91956,3123.944,1889.0328,904.7113,27.42114
827.5716,548.518,198.29857,5736.3896,1565.9485,162.6397,3032.8628,1885.7289,948.6149,27.582073
827.55774,548.3635,198.32886,5736.9375,1565.7766,162.62549,3033.2756,1886.0453,948.26794,27.617556
823.2918,545.61554,197.4165,5704.8784,1557.4355,161.9723,3016.866,1875.9541,943.4229,27.68641
824.37695,546.4648,197.78082,5715.076,1559.7654,162.1955,3020.0696,1877.9158,944.6745,27.681116
824.5966,546.4886,197.72159,5716.361,1560.1,162.19588,3021.4119,1878.7665,944.86414,27.647871
877.2625,540.9201,206.72298,5635.208,1595.7628,153.96645,2928.0762,1899.7363,997.93005,27.924673
876.6213,540.8923,206.68727,5635.763,1595.2522,154.01889,2928.5325,1899.442,997.56573,27.961044
872.32355,538.1417,205.7543,5605.407,1586.9812,153.36722,2912.732,1889.5266,992.4771,28.027964
873.38196,538.99945,206.12682,5610.927,1588.9535,153.61925,2915.7456,1891.7606,993.78156,28.024086
873.57837,539.0373,206.06714,5613.8364,1589.4266,153.58559,2917.1282,1892.5051,994.0203,27.990767
891.9936,542.09863,206.94185,5528.4307,1679.2045,153.50716,2926.4014,1896.1411,997.13916,27.850998
891.989,542.09503,207.02914,5528.516,1678.1542,153.53543,2926.379,1896.0703,997.04486,27.893936
887.257,539.3309,206.03494,5499.011,1669.72,152.89052,2910.9805,1886.0647,991.7905,27.955257
888.73926,540.19977,206.44984,5504.1465,1671.5941,153.14021,2913.5525,1888.4237,993.3726,27.958542
888.83716,540.2415,206.373,5507.1426,1672.186,153.1012,2915.2495,1889.1577,993.5271,27.920403
847.9483,536.1434,195.79665,5530.2935,1655.822,149.68124,3071.309,1865.205,971.1734,26.608124
848.4736,536.24146,195.96658,5530.3896,1656.5994,149.80956,3071.0671,1865.8153,971.24304,26.653915
843.7984,533.48895,195.01457,5501.1733,1647.3184,149.1464,3054.7986,1855.5876,966.1904,26.716816
845.3371,534.35126,195.40295,5505.9473,1650.3025,149.41133,3058.3894,1858.6835,967.3414,26.723553
845.47565,534.42804,195.3462,5509.31,1650.6091,149.37794,3059.6284,1859.2701,967.67926,26.679981
824.7416,560.3159,186.5232,5605.034,1606.755,147.65538,3057.337,1826.0961,980.24115,25.249456
825.1794,560.20966,186.64233,5605.2344,1607.3438,147.75389,3058.3403,1826.9587,980.25085,25.292864
820.6592,557.4012,185.78177,5574.925,1598.4586,147.11195,3041.221,1816.9004,975.1265,25.36362
822.1716,558.2462,186.10193,5582.1865,1601.2551,147.3661,3046.6802,1819.153,976.588,25.364292
822.2758,558.31995,186.07378,5584.211,1601.623,147.32872,3047.321,1819.8589,976.8458,25.323833
798.63434,559.47455,186.87447,5371.4824,1508.3574,142.78482,2812.5295,1681.4918,982.12866,23.656284
798.3829,559.34344,186.87724,5372.892,1508.69,142.81293,2813.6338,1681.9757,981.5576,23.685493
794.3411,556.5594,186.09155,5342.272,1500.3652,142.24965,2797.6355,1672.7319,976.8861,23.780388
795.52545,557.37646,186.34601,5352.3555,1503.2212,142.44237,2802.8538,1676.0145,977.8317,23.748306
795.6084,557.46344,186.35945,5353.205,1503.3737,142.43813,2803.4023,1676.1129,978.2921,23.725779
840.82935,566.8517,185.14903,5485.161,1548.6196,154.54323,2889.592,1698.2135,964.1785,25.692312
840.39294,566.75616,185.1719,5487.3506,1548.0265,154.46542,2888.7383,1698.1184,964.0564,25.72425
836.25415,563.9012,184.3689,5456.7314,1540.4286,153.8699,2874.0728,1689.2164,959.1654,25.805666
837.24414,564.7693,184.65317,5463.4385,1541.4688,154.08197,2876.1072,1691.4326,960.2498,25.79107
837.48126,564.83466,184.64027,5465.3433,1542.4819,154.06447,2878.0466,1691.9824,960.61597,25.759611
832.2961,561.41583,196.56496,5387.1714,1603.5739,159.58868,2800.4514,1696.445,1024.68,26.135063
832.3533,561.3405,196.48483,5389.868,1602.6992,159.62015,2802.1814,1696.562,1023.95703,26.178972
827.9721,558.50964,195.63861,5359.394,1594.6241,158.93298,2786.3015,1687.632,1018.9278,26.249437
829.3298,559.34985,195.95859,5368.72,1596.3955,159.2088,2791.1455,1689.2726,1020.0846,26.246357
829.4763,559.4142,195.91565,5370.321,1596.9933,159.16455,2791.9722,1690.1151,1020.3936,26.210495
819.0765,580.1849,193.36794,5118.9316,1597.5634,163.78786,2882.8728,1729.4092,1036.6322,25.678549
819.33636,579.9214,193.3936,5120.561,1597.6384,163.8857,2881.3372,1729.111,1036.0978,25.722195
814.95825,577.09015,192.51689,5091.924,1588.97,163.13295,2867.1157,1720.0955,1030.9135,25.79331
816.35376,577.86957,192.8647,5100.7197,1591.6765,163.45721,2868.7183,1722.1827,1032.1385,25.79191
816.5192,577.9694,192.813,5102.293,1591.9471,163.39294,2870.8936,1722.8192,1032.4448,25.753944
817.7984,606.6538,196.33662,4903.5684,1615.3486,161.99178,2940.491,1740.5935,1054.4164,24.294258
817.70105,606.2922,196.2954,4906.4434,1614.9904,162.08354,2940.3665,1740.4259,1054.0852,24.336416
813.57874,603.3421,195.42915,4877.844,1606.5739,161.35425,2924.6016,1731.2174,1048.6613,24.413902
814.4592,604.1506,195.76869,4887.3237,1608.5428,161.65349,2928.4355,1733.5253,1050.0679,24.406132
814.7701,604.2416,195.71541,4888.066,1609.0703,161.60254,2929.36,1734.0509,1050.2981,24.367594
827.49567,592.1009,202.8143,4937.656,1620.3323,161.77776,2940.5898,1702.4309,1084.3026,23.995382
827.2357,592.2381,202.78345,4936.894,1620.2305,161.83458,2939.8408,1702.8364,1083.6783,24.032394
823.0859,589.097,201.88136,4910.369,1611.6514,161.12938,2924.5227,1693.7002,1078.2726,24.11731
824.1043,590.1812,202.22368,4916.5146,1613.8105,161.40627,2927.827,1695.6361,1079.5386,24.099924
824.33685,590.1814,202.1826,4918.2563,1614.2994,161.36731,2929.049,1696.3435,1079.8646,24.068169
848.47314,592.35486,198.1631,5113.2246,1638.516,160.90938,3057.387,1767.0826,1066.8842,24.652643
848.5151,592.12994,198.32892,5115.5923,1638.4987,161.04123,3056.3267,1765.9647,1067.3342,24.692175
844.0244,589.21497,197.3455,5086.5405,1629.7247,160.28978,3040.45,1757.1456,1061.4169,24.773438
845.43384,589.9847,197.7741,5095.706,1632.2495,160.62097,3043.9304,1758.9779,1063.415,24.761456
845.54803,590.08887,197.68356,5096.846,1632.6621,160.5475,3045.0994,1759.7191,1063.5156,24.727797
847.5378,598.7703,205.2037,4928.561,1652.0204,160.97188,3102.683,1803.9988,1088.5593,24.451899
847.3142,598.8346,205.02028,4929.7515,1651.8632,160.95988,3101.416,1803.7511,1087.9613,24.494585
843.0346,595.7166,204.19269,4902.4917,1643.1399,160.30022,3085.3884,1794.2935,1082.5845,24.573847
844.13574,596.7345,204.46382,4910.7236,1645.3715,160.54211,3088.9026,1796.5538,1083.7607,24.56528
844.38086,596.77673,204.45316,4912.295,1645.8806,160.52061,3090.099,1797.2057,1084.1704,24.530008
823.0573,595.72125,212.28879,4623.3643,1649.22,154.95941,3128.498,1809.8137,1125.9126,23.187368
823.01184,595.6186,212.31433,4626.2856,1649.0983,155.06975,3128.1807,1809.2535,1125.7129,23.226288
818.7748,592.6164,211.30812,4599.0957,1640.4364,154.37872,3111.472,1799.8972,1119.7991,23.312586
819.65485,593.4865,211.73512,4608.359,1642.3,154.65732,3115.4438,1802.0215,1121.4174,23.294987
819.9138,593.56213,211.64568,4608.767,1642.9188,154.61232,3116.4275,1802.6633,1121.6082,23.261875
869.6642,608.4626,211.06967,4799.933,1701.4232,157.98676,3116.9355,1793.4626,1148.3596,23.27006
869.73126,608.3047,211.053,4800.2007,1700.7878,158.0071,3117.8757,1794.5431,1147.7875,23.309408
865.1692,605.2844,210.11519,4774.476,1692.1172,157.36038,3100.5234,1784.445,1142.062,23.39668
866.5213,606.12756,210.4511,4780.2925,1693.9827,157.585,3105.9326,1787.591,1143.3422,23.378075
866.73444,606.256,210.43303,4782.463,1694.6854,157.5807,3106.7188,1788.0549,1143.7657,23.346125
869.12665,605.2053,218.63083,4694.398,1743.3156,162.3764,3094.42,1757.3235,1177.237,23.902191
868.7399,605.2573,218.56142,4693.9087,1742.4468,162.42567,3094.7146,1757.4323,1176.8185,23.939352
864.4099,602.1396,217.58354,4669.3438,1733.6123,161.7151,3078.1797,1748.1777,1170.7972,24.02509
865.45575,603.11835,217.95488,4673.218,1735.5494,162.00317,3081.1895,1749.8668,1172.2664,24.010849
865.7056,603.2122,217.9064,4676.1074,1736.2101,161.95787,3082.7883,1750.757,1172.6008,23.978851
889.6,568.26434,223.98997,4692.332,1751.8954,167.60968,3076.0308,1827.4646,1184.3324,24.323051
889.40015,568.5911,223.91544,4692.2847,1751.6012,167.62807,3075.5347,1826.6174,1183.9878,24.365086
884.8124,565.57367,222.90703,4667.1714,1742.3639,166.89929,3059.6077,1817.4633,1177.8887,24.450047
886.0751,566.516,223.29063,4672.659,1744.6625,167.18971,3062.0479,1819.3202,1179.404,24.434189
886.23895,566.60944,223.23758,4674.5664,1745.1511,167.13914,3063.9602,1820.209,1179.725,24.406681
862.0883,539.14594,223.64612,4604.861,1734.2869,159.24167,3021.9854,1798.8262,1160.0427,23.706226
887.247,556.10364,223.75426,4605.874,1734.4509,159.38351,3022.3035,1798.9299,1160.5972,23.743752
871.5103,546.2427,222.64798,4580.473,1725.095,158.63275,3006.0833,1789.2283,1154.1146,23.83679
867.86365,543.363,223.11835,4585.791,1727.5529,158.97842,3009.094,1792.1062,1156.2828,23.809168
874.8345,549.0453,223.02365,4587.5264,1728.023,158.89363,3010.584,1792.576,1156.3977,23.78506
820.51984,511.57132,202.90894,4455.1514,1724.331,151.04568,3010.534,1781.7261,1060.2999,23.22105
820.8425,511.85568,203.09494,4455.561,1724.5914,151.0845,3009.621,1781.8029,1061.229,23.257814
816.23083,509.04007,202.08878,4431.612,1715.352,150.46078,2994.3274,1772.422,1055.1079,23.349539
817.8566,510.09885,202.51031,4435.9556,1717.3755,150.68996,2996.417,1774.2573,1057.2667,23.328087
817.7968,510.00812,202.43712,4438.235,1718.0098,150.66861,2998.4612,1775.0819,1057.2922,23.297016
844.00006,531.9765,200.83011,4568.3823,1772.8914,151.01033,3069.9556,1844.5137,1059.7054,23.097721
843.6856,531.6444,200.75687,4566.0156,1771.8152,151.10623,3069.6392,1843.7771,1059.3291,23.137802
839.4803,529.13275,199.92545,4543.5356,1762.9839,150.45499,3053.3657,1834.3531,1054.0015,23.22619
840.4982,529.77606,200.1846,4545.7437,1764.7922,150.70374,3057.0376,1836.407,1055.4681,23.208221
840.7652,529.89154,200.19495,4549.5776,1765.5802,150.6792,3058.2012,1837.1387,1055.6355,23.175226
854.72095,535.2624,194.89012,4537.7295,1714.168,141.5666,3089.5693,1884.6782,1034.3259,22.6922
854.3168,535.066,194.9448,4537.127,1714.6935,141.69955,3088.879,1884.0121,1034.7723,22.7279
850.06024,532.44214,194.05759,4513.2563,1705.2755,141.08205,3072.738,1874.342,1029.1376,22.820503
851.11127,533.1918,194.39641,4517.2583,1708.2047,141.33113,3076.2166,1876.4564,1030.5076,22.798239
851.3392,533.27325,194.35225,4519.7314,1708.652,141.29796,3077.5188,1877.2026,1030.7385,22.764492
892.3361,542.74536,191.59506,4547.461,1693.0696,139.17484,3144.2373,1912.1455,991.04297,22.384483
891.9068,542.51965,191.75023,4547.4873,1693.0958,139.25803,3143.2737,1911.7776,991.52075,22.42514
887.4328,539.85925,190.84068,4522.7544,1684.2646,138.69012,3126.9277,1901.7428,986.17554,22.517288
888.5352,540.6032,191.19,4529.8037,1685.8096,138.89528,3130.4766,1904.1302,987.7694,22.496994
888.7578,540.68463,191.15422,4531.119,1686.7186,138.8887,3131.7573,1904.7493,988.0299,22.462126
912.13983,548.3709,195.74199,4752.3735,1721.3585,144.44218,3131.0603,1926.5056,1008.5484,23.14133
912.0212,548.4033,195.72342,4749.809,1721.3475,144.44786,3131.261,1926.3376,1008.3503,23.18251
907.2554,545.57794,194.87617,4725.3887,1712.2003,143.87,3114.138,1916.0836,1003.2915,23.27015
908.6427,546.4988,195.175,4730.7065,1714.546,144.08972,3119.4446,1918.7738,1004.3293,23.255146
908.7954,546.5389,195.16206,4732.5244,1715.1088,144.06546,3120.2131,1919.316,1004.77124,23.222786
947.2093,556.7908,198.53485,4820.4756,1700.0182,147.95818,3177.0847,1962.8892,1039.5928,23.579174
946.4594,556.65393,198.5355,4820.562,1700.1245,147.97986,3175.5864,1962.3884,1039.0176,23.6246
941.8464,553.87384,197.6539,4794.102,1691.0342,147.37047,3159.3835,1952.1897,1033.8834,23.709171
942.9256,554.7062,197.98059,4801.7676,1693.6544,147.60655,3162.7078,1954.4938,1035.0402,23.696175
943.18823,554.7709,197.95186,4802.788,1694.2034,147.57454,3164.1582,1955.2191,1035.4049,23.665157
958.90106,567.58545,206.13165,5025.1562,1623.331,152.46538,3311.6565,1976.6827,1064.1261,24.276398
958.74866,567.4239,206.09488,5024.1284,1623.3469,152.55717,3310.9773,1976.5315,1064.0903,24.321886
953.7691,564.5836,205.17279,4997.294,1614.9829,151.87488,3293.5483,1966.0244,1058.4532,24.405478
955.1631,565.4389,205.52756,5003.6523,1616.3922,152.1651,3297.4187,1968.7113,1060.1187,24.389605
955.3727,565.49054,205.47783,5005.123,1617.3241,152.10919,3298.671,1969.3151,1060.3131,24.36283
958.79645,568.8085,214.854,5060.3994,1641.3075,154.38937,3258.3115,1959.6669,1080.6595,24.320381
958.52155,568.6898,214.81018,5059.2593,1640.9884,154.46725,3258.2812,1959.7599,1080.224,24.36301
953.63257,565.8465,213.83527,5032.4985,1632.6326,153.79051,3240.638,1949.2032,1074.7365,24.44669
954.88885,566.6932,214.21925,5038.5205,1633.946,154.06247,3245.8977,1952.2827,1076.0804,24.432465
955.1395,566.77545,214.16077,5040.3613,1634.9083,154.02147,3246.8308,1952.846,1076.3763,24.403334
972.304,581.0047,220.79146,5161.1055,1686.6882,157.91472,3238.761,1949.277,1087.7804,24.571001
972.00806,580.7673,220.756,5158.6655,1685.923,158.02986,3238.6697,1949.2816,1087.5787,24.616306
967.04254,577.9075,219.73306,5132.0156,1677.3773,157.30429,3221.5051,1939.1233,1081.9076,24.698456
968.3226,578.72003,220.14992,5137.7915,1679.2241,157.61613,3225.1074,1940.836,1083.4291,24.683758
968.55597,578.8049,220.06981,5139.841,1679.8973,157.55644,3226.5583,1941.9482,1083.6545,24.656507
956.33093,576.81915,231.63945,5083.1836,1707.6764,151.52127,3286.649,1968.6737,1134.6304,23.810184
956.4163,576.94775,231.6183,5083.5835,1707.6487,151.58626,3286.6892,1968.6726,1134.0405,23.846628
951.3449,573.91376,230.52225,5055.704,1698.4928,150.93103,3268.981,1958.1465,1128.3315,23.933834
952.85785,574.9397,230.97641,5063.9775,1701.09,151.19742,3273.5098,1960.8871,1129.6923,23.914995
953.04346,574.96387,230.88951,5065.4053,1701.5092,151.1483,3274.6118,1961.4941,1130.01,23.880505
928.5162,548.5535,229.5213,4976.6665,1709.5659,143.23335,3244.8354,1944.4845,1143.6292,23.558842
928.66144,548.85547,229.53717,4977.125,1709.4219,143.33969,3245.6584,1944.7975,1143.5696,23.588839
923.8321,545.92395,228.43669,4950.253,1700.347,142.73393,3227.856,1934.4403,1137.4731,23.678638
924.8119,546.854,228.89775,4955.286,1702.7289,142.95993,3231.519,1936.393,1139.3268,23.656517
925.1837,546.9016,228.8018,4957.7065,1703.2086,142.94263,3232.8494,1937.3455,1139.4889,23.624237
944.3382,537.9406,230.13046,4998.882,1727.4333,146.85448,3251.619,1957.746,1138.8108,24.59127
943.8847,537.9703,230.07257,4997.033,1727.1171,146.83081,3250.7825,1957.3933,1138.5421,24.627134
939.2723,535.2853,229.01729,4971.6743,1718.0673,146.27151,3234.0862,1947.3591,1132.6714,24.715319
940.16,535.9747,229.42427,4974.981,1720.2094,146.46013,3236.5417,1948.9548,1134.0984,24.695175
940.58844,536.10925,229.35764,4978.4824,1720.7644,146.46443,3238.6035,1950.1064,1134.4178,24.67033
939.9443,520.6416,232.71782,4916.1406,1712.912,144.90904,3188.8628,1965.8058,1146.5847,25.518045
940.1938,520.9403,232.78172,4917.9146,1712.9247,144.98859,3189.7898,1965.8601,1146.5741,25.557102
935.11475,518.195,231.65636,4890.6895,1703.9045,144.37376,3172.1682,1955.3241,1140.5009,25.638966
936.7626,519.04816,232.10767,4896.3496,1705.7151,144.61517,3175.9146,1957.9607,1142.264,25.621912
936.90076,519.12317,232.03639,4898.389,1706.4473,144.58446,3177.0916,1958.5582,1142.5165,25.598078
911.44006,496.14075,222.53094,4879.0693,1692.6624,137.3484,3010.1497,2007.4335,1121.4469,24.014805
911.3504,496.46786,222.62093,4878.413,1692.9426,137.39888,3010.7878,2007.1376,1121.656,24.05922
906.791,493.8244,221.54515,4852.987,1683.9015,136.8428,2994.0618,1996.5576,1115.7045,24.142622
907.5676,494.67737,221.9716,4856.8696,1685.6758,137.06021,2999.3552,1999.0685,1116.956,24.130632
908.0481,494.71024,221.89865,4859.9785,1686.4166,137.03183,3000.0918,1999.7275,1117.3508,24.09913
907.31586,466.28616,228.70964,4811.539,1627.6528,141.87056,2992.2788,1959.6987,1149.3285,22.722267
907.15405,466.50018,228.54292,4809.6963,1627.6682,141.85176,2992.7954,1960.2378,1148.4487,22.754198
902.6198,464.0778,227.57793,4785.3984,1619.214,141.31427,2976.5857,1949.5349,1142.9333,22.851469
903.4714,464.92984,227.89554,4788.4,1620.6768,141.49446,2979.706,1952.1859,1143.9213,22.819777
903.8954,464.94925,227.88414,4791.902,1621.556,141.49321,2981.085,1952.807,1144.4901,22.797752
898.1816,444.85965,232.99693,4857.0693,1645.6621,139.51427,2953.3672,1954.3,1141.5131,22.2539
898.28516,445.23157,233.0949,4857.836,1645.4844,139.60182,2953.3374,1954.2716,1141.6473,22.296736
893.62335,442.87122,231.95732,4830.9707,1637.0283,139.00636,2937.7556,1944.0625,1135.543,22.387135
894.71533,443.69977,232.4106,4839.291,1638.4166,139.25237,2940.4155,1945.8112,1137.4178,22.369392
895.0236,443.73544,232.3471,4840.524,1639.3534,139.20923,2942.0562,1946.8832,1137.6769,22.33227
902.3568,449.3194,230.93607,4698.3125,1630.1904,143.35727,2912.0715,1934.3688,1126.7473,22.438528
902.20044,449.1357,230.95102,4698.788,1630.2349,143.41292,2911.4082,1934.0812,1126.8965,22.48248
897.6166,447.0777,229.86188,4673.531,1621.7666,142.80812,2896.5142,1924.1459,1120.9594,22.572285
898.7259,447.5094,230.29085,4678.0967,1623.2186,143.05496,2898.6409,1925.703,1122.3107,22.555918
899.01526,447.69153,230.22522,4680.566,1624.126,143.0123,2900.5764,1926.8688,1122.7042,22.521343
912.50757,462.4805,237.30591,4654.324,1668.3588,146.42743,2905.794,1935.1201,1147.1932,22.710249
912.2204,462.23853,237.28926,4652.04,1667.6655,146.44379,2906.2534,1935.1841,1147.1974,22.749516
907.61755,460.06396,236.18304,4628.913,1659.1652,145.84372,2890.3982,1924.8539,1141.1246,22.841787
908.7275,460.64267,236.60487,4631.439,1661.0408,146.07735,2895.1294,1927.5829,1142.8799,22.822803
908.9996,460.73813,236.55382,4635.075,1661.6754,146.04356,2896.0718,1928.2499,1143.1486,22.791739
919.72504,479.14743,245.54529,4722.882,1673.6475,150.67352,2850.5632,1949.4395,1199.2063,22.573942
919.5015,478.92026,245.50824,4722.117,1674.011,150.77258,2849.9526,1949.0172,1198.9736,22.61487
914.80554,476.5956,244.35608,4697.53,1664.8887,150.10551,2835.4001,1938.9384,1192.7264,22.707733
916.02686,477.2898,244.80304,4701.3306,1667.6766,150.3809,2837.444,1941.0438,1194.3253,22.68829
916.26373,477.32257,244.73726,4704.2324,1668.1283,150.33765,2839.397,1941.9069,1194.6294,22.657978
929.1065,488.07047,249.63684,4786.176,1670.257,157.59392,2840.6643,2000.1943,1211.5499,22.795055
929.0426,487.83997,249.73639,4784.922,1670.1401,157.6225,2840.7712,1999.7162,1212.0265,22.837149
924.1749,485.45203,248.49869,4759.8247,1661.3988,156.95555,2825.651,1989.2798,1205.3174,22.92747
925.618,486.18555,248.99736,4765.2896,1663.2527,157.21214,2828.3772,1991.6747,1207.5118,22.910418
925.7846,486.1979,248.92505,4767.249,1663.9387,157.18228,2829.8228,1992.3749,1207.6927,22.879873
915.936,504.68182,243.90732,4985.0024,1626.1155,167.6108,2827.787,1993.5221,1172.2744,23.284098
915.8334,504.56143,243.86752,4986.174,1626.1443,167.70633,2827.0793,1993.1378,1172.1573,23.329063
911.1003,502.0038,242.75417,4958.258,1617.576,166.93292,2812.5364,1982.6931,1166.255,23.416412
912.2825,502.8564,243.15198,4967.1074,1619.1743,167.25958,2814.746,1985.0652,1167.1979,23.400522
912.5075,502.8248,243.1263,4968.0737,1619.9235,167.19969,2816.4539,1985.7528,1167.898,23.3709
910.7344,514.78076,243.51363,4904.1533,1653.4446,170.85242,2896.4438,2024.4148,1165.1737,24.36638
910.82513,514.5469,243.45111,4902.7,1653.0432,170.91362,2895.7185,2023.8992,1165.077,24.413687
906.044,512.0246,242.34587,4877.2026,1644.5635,170.1479,2880.5857,2013.3601,1159.0472,24.495577
907.3131,512.7859,242.73349,4882.494,1646.2664,170.45274,2883.911,2015.7496,1160.43,24.480764
907.5458,512.82086,242.70253,4884.7627,1647.0153,170.40706,2885.0486,2016.4781,1160.8378,24.454775
923.86285,510.83218,249.52042,4811.449,1671.4445,171.19913,2947.7522,2052.0413,1187.5613,24.877365
923.5937,510.71063,249.4926,4812.27,1671.1226,171.31364,2946.9302,2051.6213,1187.2427,24.92372
918.9183,508.15326,248.33205,4785.8706,1662.4055,170.50754,2931.4956,2040.863,1181.2068,25.00636
920.0583,508.96707,248.75493,4791.279,1664.4401,170.85353,2934.9944,2043.3644,1182.5848,24.985502
920.3261,508.98138,248.71733,4793.1787,1665.012,170.78122,2936.0474,2044.0592,1183.0247,24.965412
942.42426,511.61307,239.66504,4890.9287,1672.757,170.05418,2929.273,2062.4382,1160.4243,24.809984
942.19464,511.5615,239.79956,4886.714,1673.0535,170.1266,2929.5405,2062.3306,1160.6893,24.855143
937.36035,508.98132,238.62767,4863.329,1663.9487,169.35864,2913.4636,2051.3071,1154.4629,24.936974
938.65137,509.80246,239.07207,4865.3813,1666.7546,169.67186,2918.5042,2054.261,1156.2646,24.920977
938.8705,509.83316,239.03078,4869.483,1667.1765,169.61525,2919.1577,2054.8523,1156.58,24.895098
949.2178,511.56967,237.30612,5138.7197,1640.1648,170.86629,2889.3044,2044.9745,1143.1261,24.525019
949.0901,511.4532,237.29395,5138.365,1640.2664,170.9634,2889.5193,2044.9012,1143.1753,24.568716
944.1455,508.92047,236.22238,5110.9424,1631.6003,170.1951,2874.1455,2034.1327,1137.3137,24.651344
945.56067,509.6765,236.57954,5116.9824,1633.223,170.48991,2876.8916,2036.3853,1138.3569,24.636686
945.7417,509.73306,236.57802,5119.001,1633.9972,170.46172,2878.421,2037.2607,1138.9568,24.60824
954.3076,500.3157,240.53342,5060.4375,1648.3141,167.43733,2853.6873,2073.7522,1152.2006,24.434584
953.99036,500.28705,240.41891,5059.889,1648.1543,167.4885,2853.6875,2073.2288,1151.6494,24.475597
949.1422,497.81595,239.37784,5033.0044,1639.5902,166.76181,2838.6006,2062.4631,1146.0507,24.556093
950.3688,498.4816,239.70976,5038.934,1641.3706,167.03798,2841.21,2064.8252,1146.942,24.546585
950.6115,498.5906,239.71829,5040.9805,1642.0967,167.00769,2842.7664,2065.64,1147.6206,24.513319
963.4361,501.1255,244.95728,5175.4824,1645.0502,165.25061,2867.009,2077.2327,1166.4563,24.973461
963.20325,501.06973,244.93053,5173.377,1645.1643,165.35658,2866.53,2077.1814,1166.3447,25.005335
958.2383,498.59756,243.78473,5146.524,1636.5354,164.61691,2851.6736,2066.0771,1160.2344,25.089941
959.57776,499.28824,244.22356,5152.294,1638.1001,164.90216,2853.9995,2068.9644,1161.8364,25.074984
959.77246,499.38666,244.16641,5154.414,1638.9384,164.87015,2855.7231,2069.5957,1162.1295,25.044415
954.77094,516.8211,241.58575,5573.2363,1620.6091,161.88174,2898.8118,2079.159,1166.2074,25.683546
954.77026,516.7699,241.54593,5568.9453,1621.432,161.86629,2897.9233,2079.123,1165.6119,25.729507
949.75037,514.15643,240.4535,5541.051,1612.3866,161.21465,2882.89,2068.009,1159.8418,25.805662
951.1859,514.9935,240.83148,5546.667,1615.2313,161.43939,2886.1162,2070.8625,1161.0509,25.794212
951.3773,515.02203,240.81993,5549.151,1615.6226,161.43285,2887.3342,2071.5044,1161.5417,25.767029
956.63873,518.2028,246.80594,5570.5693,1549.9861,167.27887,2924.0781,2058.2092,1196.7661,26.326902
956.4265,518.1116,246.77156,5569.756,1550.6298,167.36649,2924.0522,2058.453,1196.644,26.374344
951.5652,515.5167,245.6269,5540.17,1542.3179,166.61223,2908.3137,2047.3077,1190.3644,26.445442
952.7353,516.3281,246.05113,5546.762,1544.0309,166.91745,2912.659,2050.5754,1192.0819,26.438509
953.04205,516.37006,246.00926,5548.9155,1544.7878,166.8713,2913.596,2051.2012,1192.3883,26.410501
952.90533,517.7122,244.47194,5490.93,1546.1023,167.04224,2851.082,2035.2295,1167.8931,26.975307
952.7829,517.64594,244.41484,5489.8154,1546.3812,167.07967,2852.1077,2035.3828,1168.0065,27.01255
947.9078,515.03644,243.29979,5461.4785,1538.2017,166.359,2836.4766,2024.6423,1161.8687,27.086582
949.08344,515.8651,243.70459,5465.74,1539.7623,166.63332,2839.6782,2026.5413,1163.3218,27.076162
949.3973,515.89435,243.66914,5469.309,1540.5057,166.60403,2840.9253,2027.6382,1163.744,27.049063
946.7562,517.44507,247.40442,5698.357,1540.902,167.73312,2832.097,2031.5713,1170.4691,28.404072
946.7868,517.3153,247.48158,5695.2534,1540.571,167.75366,2831.9602,2031.311,1170.5044,28.452223
941.8521,514.7479,246.28535,5666.669,1532.8181,167.03795,2817.1772,2020.9194,1164.3403,28.517918
943.1741,515.5127,246.73473,5670.253,1533.9674,167.30717,2819.536,2022.469,1166.01,28.503891
943.4451,515.5582,246.69283,5674.1763,1534.9418,167.27977,2821.2852,2023.7933,1166.355,28.488504
939.4442,517.6608,263.9375,5909.984,1525.4891,168.45459,2840.1584,2039.8164,1209.7981,28.6308
939.6867,517.6319,263.5541,5910.194,1525.8253,168.46259,2840.6575,2039.9731,1209.3273,28.676275
934.634,515.01654,262.4819,5877.946,1517.5364,167.75233,2825.2485,2028.9517,1203.1738,28.741354
936.2264,515.83826,262.81573,5885.834,1520.0739,168.01526,2828.9302,2032.0078,1204.6268,28.730118
936.3976,515.8789,262.80173,5887.469,1520.4757,167.99426,2829.9817,2032.5867,1204.9957,28.710583
949.9635,530.0313,284.1623,6023.9224,1549.8448,166.93831,2845.8914,2091.0935,1263.2543,27.646809
949.662,529.7997,284.122,6020.931,1549.2764,167.06024,2845.7869,2090.6125,1263.0336,27.689703
944.8919,527.2086,282.74023,5990.0195,1541.4384,166.2917,2830.8745,2079.7332,1256.4331,27.754553
945.96893,527.9691,283.2831,5996.457,1542.9896,166.60794,2833.5496,2082.1616,1258.1342,27.753122
946.2985,528.02295,283.20346,5999.122,1543.7161,166.55667,2835.1123,2082.9817,1258.465,27.717758
967.389,534.3938,280.1687,5920.0107,1581.3466,171.52638,2867.0254,2081.6057,1238.5952,27.377987
967.1659,534.31445,280.06714,5919.3574,1580.8826,171.48856,2866.4622,2081.643,1238.2184,27.41657
962.19727,531.5947,278.75198,5888.125,1572.7168,170.79099,2851.46,2070.3997,1231.8923,27.480371
963.51184,532.49005,279.24515,5893.3413,1574.6012,171.0254,2854.6736,2073.7256,1233.2991,27.479448
963.746,532.48737,279.18448,5896.6455,1575.1422,171.02052,2855.8823,2074.254,1233.735,27.443975
954.6714,517.813,283.2394,5874.8027,1557.5255,180.20619,2881.3,2055.2004,1280.0681,27.368765
954.63885,517.829,283.18295,5875.243,1557.5356,180.26189,2881.2053,2055.479,1279.6091,27.40885
949.66205,515.214,281.84143,5843.1714,1549.289,179.443,2865.8538,2044.5587,1273.0845,27.474846
951.02484,515.98175,282.3301,5852.7017,1551.3256,179.77597,2869.467,2046.5712,1274.6042,27.473324
951.2636,516.0555,282.28717,5854.6694,1551.8544,179.72302,2870.5645,2047.623,1275.0317,27.437807
947.8403,528.5857,274.23828,5707.457,1523.4219,175.01262,2866.0322,2038.8096,1244.0577,26.42308
947.8588,528.4037,274.42908,5710.0103,1524.1455,175.11385,2866.2654,2038.9285,1244.6781,26.466114
942.9431,525.817,273.0198,5677.7495,1515.6758,174.29472,2851.0386,2028.0986,1237.7445,26.529934
944.101,526.54913,273.5765,5685.0063,1518.1752,174.64839,2853.7751,2030.109,1239.969,26.53333
944.40845,526.6282,273.504,5686.8887,1518.5664,174.57011,2855.282,2031.0896,1240.1815,26.491838
968.99493,525.02954,249.71104,5317.675,1476.0852,171.85597,2895.4417,2033.594,1123.9958,25.343712
968.38983,525.0104,249.69525,5318.0063,1476.0308,171.85051,2895.0732,2033.2084,1124.1063,25.37121
963.668,522.365,248.55365,5288.9595,1468.2234,171.13068,2879.9465,2022.7795,1118.1129,25.456305
964.6839,523.1734,248.96387,5299.2783,1470.4215,171.38802,2882.7424,2024.3934,1120.2559,25.432022
965.0564,523.23956,248.9424,5299.4507,1470.8289,171.37042,2884.23,2025.6215,1120.2423,25.415672
994.7962,532.8166,254.30185,5242.045,1447.1533,175.73337,3003.4172,2077.8845,1117.9087,24.853876
994.61316,532.6141,254.27284,5244.558,1447.3899,175.73781,3002.3252,2077.5793,1118.3988,24.895103
989.4351,530.00916,253.10208,5214.2324,1439.684,174.98225,2986.729,2066.6284,1112.1526,24.971556
990.8758,530.7556,253.50002,5224.196,1441.2145,175.26506,2990.192,2069.1956,1114.3601,24.963205
991.0619,530.8305,253.47722,5225.052,1441.8148,175.23471,2991.297,2069.8906,1114.3862,24.926844
1002.13403,548.09174,264.77286,5245.1904,1417.72,180.49911,3059.0168,2083.2393,1164.1367,25.422558
1001.9482,547.84607,264.64664,5245.7656,1418.0361,180.5324,3058.18,2082.963,1163.607,25.461046
996.7546,545.14954,263.45926,5217.213,1410.5681,179.7322,3042.1187,2071.9749,1157.8291,25.537964
998.19055,545.9508,263.85526,5225.467,1411.9801,180.03937,3045.7957,2074.576,1159.0758,25.528208
998.4166,545.9951,263.84085,5227.4434,1412.6835,180.00085,3046.8374,2075.2815,1159.5361,25.494514
1015.187,572.07416,272.70383,5057.7974,1407.4426,182.27394,3078.5798,2125.4807,1201.2069,25.947588
1014.9686,571.86884,272.64374,5057.2695,1407.5668,182.32396,3078.5305,2125.1995,1200.6825,25.991407
1009.7173,569.00024,271.35916,5030.8745,1400.2981,181.50388,3061.859,2113.9426,1194.6274,26.061998
1011.14703,569.88245,271.834,5034.9004,1401.5643,181.82274,3066.3772,2116.6692,1196.0127,26.059908
1011.37494,569.90546,271.78476,5038.1465,1402.3632,181.77934,3067.1733,2117.3274,1196.4269,26.022287
1021.8107,562.7827,273.03152,5264.0938,1429.5405,184.9743,3147.9275,2148.4797,1214.5577,25.991928
1021.6666,562.62317,273.09015,5261.9614,1428.9679,185.0308,3146.968,2148.13,1214.4413,26.032663
1016.3337,559.8091,271.74902,5235.249,1421.753,184.19362,3130.5183,2136.8071,1208.0287,26.106237
1017.84735,560.666,272.2638,5238.7944,1423.2601,184.51668,3134.2102,2139.4846,1209.8428,26.100243
1018.0508,560.71606,272.20798,5242.3706,1423.8666,184.47467,3135.3652,2140.1992,1210.1097,26.066172
1035.7949,572.8385,268.39822,5383.046,1466.0842,186.2801,3152.7073,2176.972,1202.6713,25.921955
1035.6047,572.7289,268.43698,5383.1816,1465.6447,186.3677,3153.192,2176.6538,1202.7642,25.961359
1030.2369,569.8212,267.15408,5353.9204,1458.1091,185.4988,3135.7664,2165.1272,1196.3253,26.035852
1031.6941,570.7431,267.60934,5361.468,1459.8312,185.85385,3141.2932,2167.916,1198.2957,26.028685
1031.9388,570.7687,267.58835,5363.1255,1460.349,185.79366,3141.968,2168.5803,1198.5566,25.994987
1039.1792,575.52454,250.74155,5439.868,1412.546,186.67783,3186.8137,2184.8206,1184.2122,24.83318
1039.1265,575.3735,250.92514,5439.844,1413.1189,186.73547,3186.563,2184.7698,1184.2933,24.87369
1033.6633,572.4914,249.64893,5410.0776,1405.3195,185.87042,3169.6108,2173.0176,1178.0409,24.949308
1035.267,573.35913,250.15154,5419.0786,1407.7094,186.23311,3173.502,2176.346,1179.3168,24.941013
1035.4886,573.4166,250.07173,5420.403,1408.0448,186.15793,3174.6863,2176.932,1179.7462,24.902355
1059.9282,580.67896,245.3028,5703.3438,1372.6763,187.34789,3199.6267,2150.4817,1191.3969,24.654226
1059.2245,580.52997,245.3688,5700.5967,1372.9479,187.38695,3199.1404,2150.6746,1191.1807,24.6888
1054.0243,577.6136,244.21928,5671.089,1365.626,186.54915,3182.2605,2139.3088,1185.1172,24.770634
1055.1918,578.5063,244.60924,5677.5483,1367.1097,186.8658,3185.919,2141.3452,1186.3451,24.753807
1055.5569,578.5548,244.6026,5679.7134,1367.6707,186.83208,3187.1877,2142.4766,1186.8622,24.722742
1104.4324,558.9049,244.0163,5848.327,1329.1605,186.90974,3219.6733,2129.8342,1189.5756,24.844658
1104.0747,559.1526,244.00902,5845.9893,1329.3787,186.95625,3219.5757,2130.307,1189.4583,24.883207
1098.3866,556.1773,242.90967,5815.511,1322.1826,186.12086,3202.3108,2118.8286,1183.3114,24.961971
1099.8508,557.145,243.25542,5822.247,1324.474,186.43465,3206.4062,2121.0732,1184.7349,24.951256
1100.0984,557.17285,243.26991,5824.4473,1324.7334,186.40445,3207.484,2122.0493,1185.166,24.91943
1096.5779,548.6697,241.26746,5817.3457,1323.7445,180.86319,3152.1326,2074.1553,1162.0217,24.535992
1096.3984,548.7359,241.4047,5815.254,1324.3599,180.89177,3152.9697,2074.684,1162.5408,24.575994
1090.6698,545.97125,240.23175,5784.9204,1317.0784,180.11401,3135.843,2063.4846,1156.1422,24.660275
1092.2706,546.6565,240.65799,5791.441,1319.2882,180.38687,3139.53,2065.6694,1158.1882,24.64195
1092.5035,546.7988,240.6332,5793.7974,1319.6423,180.3772,3140.898,2066.6409,1158.4213,24.610651
1093.572,534.6455,238.33138,5845.0986,1286.1779,182.6753,3135.3103,2008.3208,1131.5168,24.098639
1093.5059,534.7976,238.25763,5843.442,1286.0771,182.67921,3134.986,2008.407,1131.3481,24.132442
1087.7614,532.0558,237.2275,5813.2803,1279.5532,181.90038,3118.6274,1997.821,1125.7256,24.21951
1089.4008,532.7712,237.53566,5817.722,1280.6403,182.17471,3121.2402,2000.1348,1126.6102,24.198626
1089.6578,532.88275,237.56718,5821.393,1281.3591,182.16663,3123.122,2001.0096,1127.2891,24.174398
1083.7399,524.06396,237.47566,5807.2017,1284.8375,186.49036,3036.6206,1994.0986,1138.8063,24.231539
1083.7576,524.206,237.53737,5807.385,1284.9333,186.46266,3037.3914,1994.2153,1138.9128,24.268166
1078.1167,521.56946,236.4124,5776.103,1278.2692,185.65118,3020.774,1983.6942,1133.0176,24.353104
1079.408,522.20667,236.8241,5781.921,1279.4681,185.96313,3024.1392,1985.5692,1134.1444,24.3368
1079.7924,522.375,236.7911,5784.6797,1280.1299,185.9157,3025.4265,1986.6129,1134.6821,24.302584
1085.7537,523.242,233.95871,5859.443,1281.0599,189.67506,3007.0488,2001.6232,1159.4854,23.687984
1085.702,523.1701,233.94585,5858.758,1281.0806,189.75911,3006.4023,2001.3737,1159.1573,23.729488
1080.0583,520.63446,232.88148,5827.808,1274.481,188.86467,2991.0442,1991.143,1153.2533,23.814047
1081.4683,521.21387,233.25386,5833.032,1275.6364,189.24309,2993.215,1992.6746,1154.5929,23.798292
1081.8092,521.3951,233.23303,5836.235,1276.3221,189.1692,2995.2593,1993.9733,1154.9971,23.761267
1091.8112,521.88544,231.72873,5932.198,1292.0913,189.75412,2975.297,2017.2872,1153.3811,22.859322
1091.5151,521.7979,231.75658,5930.9053,1292.0006,189.79167,2976.203,2017.0831,1153.2988,22.896143
1085.9552,519.23944,230.6845,5899.499,1285.2415,188.93562,2960.0767,2006.4602,1147.2615,22.98925
1087.2428,519.90314,231.06622,5906.4805,1286.955,189.26483,2963.3772,2008.8917,1148.8793,22.960617
1087.6082,520.0284,231.0424,5908.703,1287.3729,189.22134,2964.8,2009.6357,1149.1938,22.940136
1067.6993,516.18134,232.68547,6008.674,1294.4811,189.42305,2932.0679,2015.7817,1149.7277,23.252977
1068.146,516.2696,232.74222,6009.524,1294.4197,189.56862,2932.1614,2015.7985,1149.8872,23.294516
1062.3014,513.64294,231.65846,5976.3657,1287.6173,188.652,2916.6921,2004.9838,1143.7517,23.379255
1064.1653,514.42725,232.04427,5986.4883,1289.4418,189.03856,2919.2935,2008.0524,1145.6152,23.365826
1064.3793,514.51855,232.03352,5988.1836,1289.841,188.9663,2921.0063,2008.6548,1145.9154,23.3332
1037.5168,502.94882,235.15828,6032.553,1268.5491,189.0688,2870.9924,1984.2252,1155.2395,23.57995
1037.5504,502.8443,235.08809,6030.4263,1268.696,189.03804,2870.9016,1984.2502,1154.8522,23.620893
1032.262,500.417,234.04079,5999.1294,1261.998,188.23521,2855.8235,1973.8229,1149.0623,23.705893
1033.1958,500.99164,234.40422,6005.498,1263.6587,188.51595,2858.332,1975.6511,1150.2338,23.693708
1033.74,501.1424,234.3867,6008.292,1264.1263,188.50189,2859.9915,1976.7073,1150.7458,23.661772
1044.1952,517.0108,236.6766,6041.423,1285.9661,194.0372,2896.3604,1999.8436,1167.2283,24.453655
1044.2928,516.77075,236.5632,6041.576,1285.2466,194.07176,2895.6973,1999.4534,1166.6486,24.499657
1038.8865,514.2761,235.5213,6008.923,1279.0048,193.17789,2880.8027,1989.1125,1160.8411,24.57949
1039.9961,514.9588,235.88326,6016.5513,1279.8676,193.54794,2883.03,1991.1838,1162.0559,24.569067
1040.4475,515.0387,235.85837,6018.738,1280.6859,193.47997,2884.8352,1992.12,1162.5216,24.538542
1024.3799,525.9586,244.56482,6161.3076,1309.3317,196.44635,2916.534,2049.68,1187.002,24.415955
1024.8472,525.93646,244.55858,6159.2856,1309.2242,196.5033,2916.5022,2048.7805,1187.1179,24.460802
1019.2686,523.25244,243.40186,6127.617,1302.3083,195.59581,2900.8325,2038.3064,1180.7386,24.543274
1020.78754,524.1273,243.84924,6132.1914,1304.2006,195.95604,2904.8267,2040.59,1182.7169,24.528564
1021.054,524.1474,243.79018,6136.1123,1304.5192,195.9049,2905.7698,2041.379,1182.9463,24.499966
1008.7442,501.5416,243.85304,6194.7705,1290.0251,196.11961,2855.191,2060.7488,1161.9279,23.484411
1008.8537,501.8647,243.86432,6194.1133,1290.1855,196.21483,2855.9138,2060.8838,1162.0743,23.52341
1003.6663,499.19128,242.71028,6161.16,1283.2301,195.29008,2840.113,2049.6833,1155.9803,23.61135
1004.6303,500.0882,243.1557,6168.3594,1285.3734,195.66414,2845.016,2053.113,1157.3037,23.59117
1005.1257,500.13382,243.10265,6170.901,1285.6448,195.60602,2845.756,2053.5903,1157.7681,23.555271
1000.0163,491.34964,248.3903,6215.38,1277.0166,194.42104,2839.6523,2034.3975,1192.374,23.056978
999.9749,491.31088,248.3437,6214.717,1276.9193,194.43803,2838.867,2034.3494,1191.9181,23.093449
994.92145,488.91873,247.18727,6181.571,1270.3932,193.5746,2824.399,2023.7542,1185.8645,23.183262
995.7823,489.47772,247.62074,6188.9414,1271.4884,193.8984,2826.435,2025.5364,1187.2712,23.160242
996.32227,489.62418,247.56631,6191.3623,1272.1897,193.86794,2828.3232,2026.6891,1187.6512,23.129526
988.32306,481.3263,242.81866,6190.93,1255.7836,192.83844,2828.1501,2015.018,1178.1282,22.87984
988.6067,481.53458,242.8788,6190.8394,1256.0333,192.89755,2829.0032,2015.398,1178.2625,22.914236
983.3785,479.06628,241.7103,6157.346,1249.374,192.01964,2813.6565,2004.617,1171.9625,23.005596
984.6367,479.75247,242.15733,6166.6797,1250.71,192.35466,2816.663,2006.6703,1173.7651,22.981308
984.9932,479.85632,242.10123,6168.838,1251.2416,192.31474,2818.0134,2007.6445,1174.0427,22.948467
982.29584,480.81815,241.52554,6099.452,1264.619,192.15222,2814.9602,1990.2559,1172.7421,22.610817
982.1387,480.68018,241.54622,6098.106,1264.3405,192.16405,2814.6868,1989.992,1172.7286,22.646908
977.2168,478.3757,240.41891,6066.545,1257.9298,191.32286,2799.9624,1979.7217,1166.643,22.73946
978.0728,478.9536,240.82655,6071.168,1259.1223,191.62679,2802.3955,1981.3699,1167.9714,22.714443
978.585,479.0719,240.7981,6075.1343,1259.7352,191.60748,2803.9905,1982.5304,1168.4261,22.685064
996.8538,494.89377,250.33333,6273.3506,1295.0967,196.70807,2831.8384,2002.4373,1199.0549,22.680065
996.8563,494.78815,250.20898,6270.0703,1294.8673,196.73895,2831.774,2002.4633,1198.6158,22.721708
991.6017,492.33743,249.0853,6238.031,1288.1321,195.84914,2816.696,1991.844,1192.5286,22.808784
993.1433,493.0842,249.49174,6244.5186,1289.8226,196.18735,2820.1416,1994.2621,1193.9323,22.794327
993.34796,493.13333,249.453,6247.4614,1290.2124,196.14917,2821.2454,1995.0402,1194.3313,22.761003
1003.61786,496.5632,262.73502,6140.7334,1291.7183,196.66087,2851.266,1992.5631,1237.7426,22.318094
1003.3424,496.34143,262.71567,6142.5103,1291.3662,196.66476,2850.4094,1992.3683,1237.3644,22.35578
998.2259,493.95044,261.45245,6108.885,1284.7178,195.79285,2835.6804,1982.0497,1230.9841,22.449165
999.4904,494.62625,261.95038,6115.83,1286.2711,196.11832,2838.6035,1983.8806,1232.5751,22.426346
999.78046,494.70532,261.8753,6118.564,1286.6836,196.08713,2839.9404,1984.9613,1232.905,22.39416
1024.9323,509.4395,264.4304,6170.3047,1333.7461,197.40845,2855.1802,2017.3376,1271.3489,22.813877
1024.6915,509.24292,264.41217,6170.0015,1333.4019,197.44162,2854.81,2016.7899,1270.7897,22.859013
1019.42456,506.74075,263.1396,6137.2344,1326.4794,196.54018,2839.782,2006.3336,1264.3047,22.94699
1020.78864,507.49646,263.64154,6142.8486,1328.2003,196.89394,2842.893,2008.6427,1265.8783,22.932835
1021.06384,507.5369,263.56314,6146.218,1328.565,196.8422,2844.1082,2009.4198,1266.2167,22.900173
1009.5452,510.2039,267.39795,6151.7417,1332.1282,191.77129,2896.6743,2029.9733,1288.6904,23.81823
1009.6902,510.23853,267.35995,6151.6123,1332.4486,191.83604,2896.6064,2029.8358,1288.4808,23.86535
1004.2908,507.62268,266.0874,6118.7417,1325.1777,190.94728,2881.0823,2019.0762,1281.688,23.947966
1005.97345,508.4882,266.57263,6124.5854,1327.4828,191.3024,2885.043,2021.7681,1283.5751,23.935415
1006.1701,508.516,266.509,6127.7637,1327.7518,191.23598,2886.032,2022.4656,1283.83,23.905205
994.49414,487.00244,269.343,6615.9546,1283.3684,188.67802,2851.3203,2000.7302,1293.2656,23.69197
994.53345,487.22556,269.4447,6611.492,1283.9286,188.71477,2851.575,2000.921,1293.1992,23.736637
989.4289,484.67664,268.1068,6578.091,1276.9309,187.89052,2836.4712,1990.2753,1286.3497,23.824146
990.43976,485.5125,268.62094,6584.837,1278.7131,188.1765,2839.178,1992.5529,1288.3555,23.804909
990.8889,485.555,268.56702,6587.8535,1279.1425,188.16867,2840.7288,1993.397,1288.6649,23.778353
1008.67035,473.58453,259.35022,6540.7803,1249.2162,190.34796,2864.925,1977.7251,1281.5537,22.698246
1008.37665,473.58063,259.28607,6539.8213,1249.1898,190.37445,2864.8806,1978.4501,1281.1783,22.739414
1003.30975,471.29254,258.09525,6504.9834,1242.7773,189.53287,2849.776,1967.6442,1274.7476,22.82949
1004.3819,471.7937,258.5079,6512.832,1243.9181,189.8428,2852.3848,1969.9069,1275.7493,22.810328
1004.7845,471.95895,258.47516,6515.245,1244.5508,189.81743,2853.9417,1970.716,1276.4695,22.776108
1029.2395,487.5915,275.01486,6734.421,1253.6068,193.2793,2896.1687,1968.4084,1344.1124,23.421112
1029.1101,487.46927,274.79666,6734.035,1253.8973,193.2964,2896.1504,1968.2007,1343.1963,23.460163
1023.73804,485.0838,273.57886,6697.6753,1247.2614,192.42833,2880.6428,1957.9757,1336.5118,23.550392
1025.2479,485.76727,273.9896,6706.199,1248.5945,192.76396,2884.23,1959.6896,1338.0226,23.531761
1025.4691,485.8328,273.95676,6708.3364,1249.1346,192.71758,2885.2566,1960.7686,1338.4539,23.503279
1016.3405,484.93048,275.58694,6419.4185,1228.8783,186.91154,2932.6577,1974.3308,1352.6766,22.255148
1016.304,484.8997,275.70575,6422.116,1229.216,186.95589,2932.5566,1974.3295,1352.7314,22.295845
1010.9774,482.46594,274.3089,6385.81,1222.6754,186.12497,2916.8623,1963.8934,1345.4342,22.388863
1012.4923,483.23166,274.86957,6394.038,1224.015,186.43358,2920.6763,1966.1543,1347.7036,22.365986
1012.7344,483.26373,274.7837,6396.0264,1224.5261,186.40388,2921.673,1966.9559,1347.931,22.330154
1028.2133,491.03992,264.00952,6270.9795,1214.9557,190.9509,2779.7131,1943.1288,1327.8981,21.738853
1027.9865,490.98062,264.20883,6271.6323,1215.0813,190.89116,2780.3555,1943.4703,1328.0276,21.777765
1022.7119,488.5177,262.881,6237.9746,1208.7661,190.09503,2765.2273,1932.9639,1320.8921,21.87406
1024.0398,489.30167,263.37003,6243.8193,1209.9312,190.36575,2768.2163,1935.1108,1323.0746,21.848381
1024.3348,489.3306,263.34454,6247.3945,1210.531,190.36008,2769.462,1935.8654,1323.3806,21.814621
1027.1072,497.2031,247.83655,6306.3867,1246.7277,198.19308,2724.5383,1931.5999,1322.8302,22.461761
1027.207,497.16275,247.97769,6305.348,1246.4088,198.25647,2724.6665,1931.5576,1323.0114,22.501526
1021.7154,494.64197,246.7946,6272.5894,1240.0146,197.33382,2709.8037,1921.4296,1315.9563,22.59268
1023.42236,495.472,247.19281,6277.413,1241.5098,197.70166,2714.3022,1923.2112,1317.9523,22.574022
1023.5956,495.4797,247.20645,6281.594,1241.9365,197.64781,2715.0217,1924.2155,1318.3706,22.543047
1032.5652,493.26163,243.48267,6445.4956,1249.4359,202.23145,2750.8167,1948.6313,1305.188,22.707558
1032.4896,493.13455,243.49039,6442.6304,1249.3131,202.24333,2750.7102,1948.5571,1305.1494,22.74927
1027.1104,490.71805,242.39462,6410.2017,1242.7611,201.32416,2736.2668,1938.2476,1298.5074,22.84132
1028.5956,491.42078,242.74042,6414.1655,1244.4941,201.67902,2738.6824,1940.7452,1299.5991,22.822414
1028.8701,491.49115,242.76212,6418.8633,1244.8374,201.6292,2740.2498,1941.4669,1300.3639,22.79352
1027.5548,512.08307,242.29993,6525.218,1250.0603,207.06337,2693.1643,1908.5696,1296.4774,23.06403
1027.6268,511.75494,242.31418,6525.029,1249.8629,207.11374,2693.233,1908.8701,1296.469,23.109505
1022.18494,509.3068,241.20915,6489.879,1243.3683,206.14691,2678.9138,1898.6187,1289.7688,23.19966
1023.77856,510.003,241.56699,6497.935,1244.9658,206.52551,2681.5068,1900.6409,1291.048,23.178463
1024.0138,510.05765,241.57278,6500.243,1245.3505,206.47026,2682.8574,1901.4666,1291.6625,23.153448
1021.2684,512.47546,240.34627,6548.6465,1259.1287,209.22446,2677.7295,1885.3397,1276.1346,23.068031
1021.4053,512.36646,240.35115,6548.7856,1259.1368,209.31288,2678.0576,1885.6108,1276.3099,23.105791
1015.9747,509.78204,239.26433,6513.2935,1252.4438,208.30882,2663.8098,1875.5865,1269.693,23.197977
1017.6127,510.62308,239.61716,6521.908,1254.3939,208.71848,2666.3745,1877.456,1270.8951,23.1788
1017.8512,510.61752,239.63011,6524.144,1254.6996,208.64803,2667.7944,1878.389,1271.571,23.150423
1014.66113,521.7418,239.27594,6724.9517,1213.0862,206.51434,2678.9575,1886.357,1254.993,24.228634
1014.5073,521.5232,239.36118,6721.6333,1214.0531,206.62514,2679.106,1886.2568,1255.4685,24.274185
1009.3979,518.9502,238.2195,6687.0156,1207.205,205.62796,2664.917,1876.484,1248.7577,24.357855
1010.3828,519.7412,238.63263,6694.31,1209.3997,206.03731,2667.6428,1878.0884,1250.2086,24.341152
1010.8668,519.76245,238.60667,6697.175,1209.6826,205.96234,2668.9858,1879.1854,1250.7479,24.316942
1035.6487,535.6864,234.8457,7086.6533,1140.5177,207.68845,2666.0269,1877.5363,1246.5955,24.95087
1035.3177,535.5076,234.89413,7083.243,1141.0548,207.67152,2666.0664,1877.6637,1246.6261,24.999254
1030.0396,532.8164,233.81444,7046.662,1134.736,206.7746,2652.0422,1867.7422,1240.2214,25.080673
1031.3256,533.683,234.17467,7054.4556,1136.9482,207.06621,2654.606,1869.7249,1241.3436,25.05967
1031.6072,533.6737,234.18156,7057.372,1137.0458,207.0781,2656.0388,1870.5823,1242.0145,25.042324
1045.0793,532.43884,236.3577,7305.312,1165.5819,207.87033,2684.7288,1867.9708,1261.7241,25.520378
1044.8802,532.3904,236.32927,7303.28,1165.5624,207.90752,2684.6082,1867.9882,1261.3533,25.56657
1039.4396,529.65497,235.25262,7264.7188,1159.5537,206.95613,2670.3672,1858.2471,1254.9746,25.648844
1040.9203,530.58093,235.63448,7273.368,1160.6659,207.31392,2673.4958,1859.9097,1256.2158,25.623106
1041.1243,530.5543,235.60727,7276.047,1161.2021,207.27684,2674.5696,1860.9507,1256.7869,25.609667
