LSEG.L,BP.L,ULVR.L,GSK.L,AAL.L,RR.L,RIO.L,REL.L,BATS.L,HSBA.L
9745.635,279.9509,3862.961,1228.3887,2806.4233,101.72254,6318.388,1749.485,2573.0625,436.2305
9744.551,279.93823,3862.557,1228.2733,2805.9766,101.74255,6317.4277,1749.345,2572.704,436.20596
9743.77,279.95303,3862.6377,1228.3767,2805.832,101.774414,6317.1196,1749.4226,2572.915,436.2139
9740.311,279.87225,3860.4536,1227.5814,2804.8953,101.7509,6314.942,1748.3788,2571.2893,436.07434
9737.181,279.7968,3859.646,1227.3911,2803.8982,101.735275,6312.68,1748.0497,2570.8367,435.93835
8556.633,308.49142,3808.5,1227.554,2894.2249,113.00221,5928.451,1698.4065,2557.9817,427.5083
8557.216,308.45337,3807.9363,1227.3673,2893.99,113.02808,5928.19,1698.2202,2557.5625,427.4778
8557.498,308.47617,3807.7332,1227.3191,2893.8718,113.02802,5929.043,1698.1995,2557.4146,427.4842
8549.504,308.38773,3806.3452,1226.9222,2892.8264,113.01162,5924.777,1697.402,2556.576,427.35107
8549.746,308.29437,3805.1658,1226.5217,2891.8403,112.99737,5923.5547,1696.9934,2555.7522,427.2268
7358.1235,321.69565,3912.7932,1267.0646,2926.8381,117.03151,5782.417,1717.3064,2619.6545,444.99976
7357.218,321.65796,3912.3086,1266.9395,2926.1873,117.0293,5781.329,1717.1396,2619.2966,444.96652
7359.4556,321.6724,3912.0747,1266.8828,2926.0142,117.049164,5781.806,1717.028,2619.138,445.01212
7351.121,321.58176,3910.7285,1266.4552,2925.1006,117.030914,5777.8887,1716.4034,2618.2593,444.79318
7351.542,321.48697,3909.4194,1266.0426,2924.1274,117.01325,5777.128,1715.89,2617.3936,444.70013
7335.717,311.19644,3954.3535,1288.1271,2825.764,122.96158,5481.1626,1753.938,2732.3328,433.00903
7334.6543,311.18918,3953.995,1287.9749,2825.568,123.002846,5480.468,1753.7032,2731.9475,432.97348
7336.185,311.1946,3953.6675,1287.9164,2825.5762,123.00531,5480.755,1753.622,2731.8533,432.9526
7329.226,311.07608,3952.2656,1287.4878,2823.9065,122.97896,5477.144,1753.0348,2730.9094,432.83
7329.1084,311.01752,3950.9849,1287.0485,2823.3862,122.95606,5476.318,1752.4493,2729.96,432.70575
7172.733,299.78506,4016.6453,1300.8417,2744.3413,107.65058,5404.6636,1788.1309,2798.8594,423.32193
7171.736,299.7514,4016.1743,1300.6698,2743.8196,107.6502,5403.7524,1787.9285,2798.6213,423.29352
7172.5693,299.79276,4015.9048,1300.6326,2743.965,107.69314,5403.978,1787.8088,2798.5356,423.314
7167.3916,299.66934,4014.5247,1300.1631,2742.7024,107.62854,5401.336,1787.2129,2797.495,423.133
7166.3555,299.60587,4013.155,1299.7665,2741.9312,107.64324,5399.8726,1786.6022,2796.534,423.03995
7048.438,299.5025,4043.6685,1300.6952,2882.2302,111.668655,5517.585,1838.04,2757.438,425.04404
7047.0537,299.47482,4043.0808,1300.5386,2881.7798,111.66801,5516.8677,1837.7722,2757.022,425.0285
7046.6606,299.52264,4042.9133,1300.5588,2881.6807,111.69345,5516.659,1837.699,2757.0566,425.02878
7044.0884,299.3908,4041.4512,1299.9753,2880.6938,111.67434,5514.645,1837.0828,2755.828,424.8914
7042.017,299.32333,4040.1438,1299.6259,2879.675,111.650635,5512.7847,1836.4691,2755.0537,424.76285
7456.561,301.2119,4125.384,1306.3121,3017.115,112.38316,5715.0815,1895.1682,2786.3406,435.03775
7455.535,301.18973,4124.8794,1306.2272,3016.853,112.40135,5714.341,1894.9576,2786.0635,435.0244
7455.223,301.19446,4124.5967,1306.1782,3016.728,112.43429,5713.972,1894.8671,2785.8977,435.01932
7452.5957,301.08926,4123.187,1305.6489,3015.6406,112.38515,5711.986,1894.2173,2784.873,434.86166
7449.977,301.03198,4121.791,1305.2759,3014.5642,112.38143,5710.075,1893.5671,2783.967,434.75302
7727.285,302.73282,4103.958,1322.8871,3091.419,105.307846,5912.9644,1913.641,2752.884,421.6089
7726.4272,302.73325,4103.5347,1322.8152,3091.1433,105.33101,5912.315,1913.4528,2752.8406,421.59195
7725.9204,302.74484,4103.2915,1322.7441,3090.8474,105.36067,5911.911,1913.3296,2752.4314,421.58716
7723.2075,302.60342,4101.7603,1322.2826,3089.8062,105.284874,5909.8516,1912.6797,2751.3828,421.4085
7720.4453,302.56284,4100.457,1321.8258,3088.7725,105.31005,5907.7354,1912.05,2750.6375,421.3334
7544.7275,295.25635,4061.4639,1347.3242,3079.1519,105.770065,6035.698,1915.8956,2684.1501,428.03156
7544.0547,295.23987,4061.015,1347.1819,3078.7185,105.78409,6034.8325,1915.7213,2683.8342,427.96918
7543.7134,295.23837,4060.9543,1347.1158,3078.5232,105.79182,6034.453,1915.6133,2683.9492,427.98593
7540.36,295.1457,4059.0244,1346.6222,3077.4905,105.77817,6032.3975,1914.9265,2682.4495,427.8576
7538.2656,295.0826,4057.9739,1346.2249,3076.4258,105.7546,6030.2847,1914.3148,2681.8567,427.7306
7285.9326,312.5036,4154.0435,1336.116,3092.8818,104.534256,6189.3203,1877.6848,2682.604,452.13364
7284.9663,312.4622,4153.61,1335.9479,3092.2832,104.54981,6188.2036,1877.3817,2682.2004,452.1131
7285.645,312.47968,4153.4004,1335.9033,3092.28,104.572815,6188.095,1877.4363,2682.0776,452.1381
7281.028,312.39276,4151.9272,1335.4268,3091.2053,104.55067,6185.935,1876.5228,2681.0413,451.98376
7279.537,312.30304,4150.4814,1335.0203,3090.1575,104.53842,6183.789,1876.0735,2680.284,451.84262
6965.3594,312.8957,4259.0786,1347.3984,3333.9326,107.69281,6544.6997,1830.9456,2817.238,446.89325
6964.6304,312.8812,4258.523,1347.2491,3333.5889,107.723976,6543.9507,1830.7905,2816.942,446.8626
6964.8184,312.90314,4258.323,1347.2487,3333.4688,107.74872,6543.6543,1830.9518,2816.8281,446.90396
6960.6387,312.80438,4256.749,1346.7269,3332.2717,107.72164,6541.3193,1829.805,2815.8306,446.6998
6959.289,312.71878,4255.393,1346.3024,3331.0518,107.70519,6539.0303,1829.4348,2814.881,446.59503
7216.0996,311.0033,4258.763,1370.4716,3174.483,105.64052,6060.4146,1830.1439,2794.039,443.24368
7215.074,311.0053,4258.278,1370.3416,3174.3093,105.65944,6059.808,1829.9575,2793.756,443.22488
7214.6104,310.9941,4257.9785,1370.2521,3174.0574,105.68543,6059.6733,1829.892,2793.5955,443.2121
7212.1455,310.90344,4256.493,1369.7964,3172.583,105.64679,6056.387,1829.1346,2792.4949,443.05396
7209.696,310.82138,4255.1045,1369.3505,3171.8462,105.64125,6055.19,1828.6221,2791.6775,442.94687
7524.757,312.2919,4268.6704,1357.216,3054.0732,106.6033,5900.9785,1868.3816,2760.9795,446.54376
7523.75,312.28607,4268.1006,1357.0647,3053.7437,106.62878,5900.2393,1868.1736,2760.6785,446.5084
7523.249,312.2934,4267.7837,1357.0201,3054.0015,106.639915,5900.666,1868.0443,2760.6084,446.49036
7520.6675,312.19623,4266.29,1356.486,3052.0457,106.617935,5896.9717,1867.3936,2759.4336,446.36084
7518.083,312.1147,4264.945,1356.1046,3051.4731,106.60627,5895.8174,1866.8236,2758.6394,446.23184
7372.2803,315.8157,4212.5693,1348.6678,3199.1218,110.74968,6163.022,1832.1216,2722.9587,447.18185
7371.366,315.81284,4212.1064,1348.4954,3198.8425,110.78353,6162.4644,1831.9307,2722.5894,447.16125
7370.9814,315.80945,4211.825,1348.438,3198.7349,110.795944,6162.156,1831.8572,2722.4985,447.15457
7368.387,315.71844,4210.272,1347.9618,3197.5706,110.772896,6159.9243,1831.1171,2721.3225,446.98764
7365.879,315.62622,4208.9536,1347.5548,3196.4727,110.75796,6157.7686,1830.5986,2720.613,446.88565
7552.464,323.02347,4252.529,1385.2501,3125.0874,113.31002,6064.517,1868.02,2786.851,439.45694
7551.2656,323.01535,4252.0454,1385.0538,3124.6714,113.32604,6063.693,1867.8096,2786.5176,439.42365
7550.872,323.0226,4251.775,1384.9907,3124.744,113.34928,6063.7363,1867.7174,2786.3203,439.45102
7548.289,322.92572,4250.16,1384.5377,3123.1702,113.325806,6060.8193,1867.08,2785.381,439.2441
7545.7017,322.83316,4248.869,1384.0768,3122.373,113.30727,6059.1787,1866.4547,2784.459,439.1574
7869.086,324.55664,4289.707,1426.928,2850.561,110.55197,5880.304,1915.2454,2786.979,435.3698
7868.0146,324.5737,4289.2837,1426.7975,2850.331,110.57456,5879.6484,1915.0619,2786.7395,435.35272
7867.556,324.61423,4288.9287,1426.712,2850.9214,110.57624,5879.9614,1914.9133,2786.5032,435.34695
7864.83,324.404,4287.407,1426.2313,2848.0837,110.56091,5876.3477,1914.2716,2785.488,435.16638
7862.049,324.37518,4286.032,1425.7568,2848.1443,110.544,5875.2085,1913.6304,2784.6145,435.08206
8190.546,323.4206,4247.889,1407.9257,2834.482,109.56018,5888.6274,1927.1761,2775.797,426.03354
8189.344,323.40826,4247.3804,1407.745,2833.9587,109.577515,5887.761,1926.9482,2775.4285,425.9872
8188.979,323.41632,4247.3335,1407.6746,2833.7856,109.601974,5887.3936,1926.8014,2775.4087,425.9917
8186.117,323.32007,4245.3545,1407.1741,2832.8728,109.56227,5885.394,1926.1578,2774.1519,425.83884
8183.1865,323.22604,4244.2104,1406.7622,2831.9446,109.55985,5883.3955,1925.5282,2773.4062,425.73904
7897.459,318.6858,4240.69,1436.0669,2894.355,102.685265,5924.511,1930.0582,2811.3928,419.66867
7896.561,318.65668,4240.1245,1435.8848,2893.9297,102.68786,5923.7983,1929.7465,2811.058,419.65433
7896.635,318.64746,4239.948,1435.8025,2893.833,102.70661,5923.6353,1929.6345,2810.8599,419.63812
7892.5786,318.56528,4238.188,1435.3313,2892.7263,102.69337,5921.0205,1929.0093,2809.8613,419.46906
7890.567,318.4725,4236.99,1434.851,2891.842,102.68068,5919.3496,1928.3656,2808.9868,419.3915
7824.96,313.53183,4277.3286,1437.685,2920.0215,104.23053,5899.0356,1989.6453,2763.315,417.11255
7824.154,313.49014,4276.8926,1437.533,2919.5603,104.24003,5897.9966,1989.465,2762.9944,417.06958
7823.9365,313.5318,4276.59,1437.4741,2919.5645,104.26922,5897.94,1989.3776,2763.0117,417.11832
7820.563,313.37183,4275.1045,1436.9603,2918.49,104.226425,5895.7993,1988.6788,2761.7173,416.91446
7818.232,313.33337,4273.6997,1436.5116,2917.5237,104.22896,5893.8228,1988.0118,2760.9712,416.83133
7680.0405,300.07227,4298.1377,1429.8215,2935.1665,95.73598,6020.1655,2039.4153,2792.1143,407.98764
7678.9194,300.0724,4297.5806,1429.6597,2934.9404,95.74232,6019.65,2039.1938,2791.727,407.97235
7679.431,300.12613,4297.396,1429.7178,2934.6711,95.77761,6019.0005,2039.0963,2791.5903,407.9985
7674.7153,299.92548,4295.7983,1429.0509,2933.5369,95.74067,6016.6924,2038.3923,2790.64,407.78787
7673.2095,299.90475,4294.407,1428.651,2932.7166,95.741196,6015.011,2037.7,2789.725,407.72296
7567.309,282.03592,4161.397,1416.6827,2845.0962,96.41042,5803.9707,2030.4613,2737.1223,398.8209
7566.1416,282.03772,4160.898,1416.5146,2844.717,96.43509,5803.3115,2030.1941,2736.729,398.80292
7566.099,282.05423,4161.4053,1416.4785,2844.5723,96.45709,5803.18,2030.0718,2736.6726,398.79816
7562.574,281.9495,4158.734,1415.9135,2843.602,96.438675,5800.7993,2029.3956,2735.5505,398.67114
7560.588,281.8888,4157.822,1415.5149,2842.675,96.42448,5798.982,2028.717,2734.7622,398.56558
7408.772,292.90695,4057.6367,1411.2242,3148.342,102.5385,6113.9463,2063.209,2693.886,400.2833
7407.5435,292.904,4057.0222,1411.052,3147.8345,102.557686,6113.092,2062.8755,2693.648,400.26196
7407.642,292.89197,4056.8828,1410.9907,3147.626,102.5719,6112.506,2062.7585,2693.6458,400.26285
7404.115,292.79977,4055.184,1410.4797,3146.5913,102.55572,6110.5005,2062.086,2692.2002,400.1042
7402.148,292.7396,4054.0615,1410.0591,3145.4265,102.539955,6108.4272,2061.385,2691.614,400.02078
7520.9165,301.80057,4095.315,1441.7816,3313.0842,110.07445,6126.0405,2128.5994,2656.3867,403.37228
7519.409,301.80304,4094.8625,1441.6274,3312.9133,110.06252,6125.532,2128.4263,2656.089,403.327
7519.3364,301.81903,4094.7727,1441.5355,3312.8184,110.09087,6125.523,2128.2788,2656.1494,403.33884
7516.7275,301.72372,4092.9028,1441.0582,3311.5706,110.07467,6122.691,2127.5454,2654.7397,403.21774
7514.191,301.6241,4091.794,1440.5841,3310.4163,110.04875,6120.853,2126.8333,2654.1265,403.09787
7884.863,307.43872,4112.579,1477.8195,3330.6802,112.23288,5778.656,2144.2786,2658.8247,412.54193
7884.02,307.43643,4112.036,1477.614,3330.2996,112.25045,5778.213,2144.0103,2658.4697,412.51764
7883.5117,307.43753,4111.789,1477.5536,3330.1296,112.2755,5779.267,2143.8806,2658.3528,412.51593
7880.738,307.34805,4110.3013,1477.0637,3328.9675,112.25128,5774.668,2143.1616,2657.3572,412.39066
7878.0293,307.26605,4109.017,1476.5743,3327.8215,112.233315,5773.762,2142.4543,2656.5488,412.2753
7981.2896,292.30603,4095.2568,1518.579,3008.6575,112.26492,5257.4087,2160.7148,2679.8723,398.20197
7980.409,292.3143,4094.755,1518.4391,3008.5195,112.29326,5256.6123,2160.471,2679.5442,398.18585
7979.905,292.37906,4094.6045,1518.3707,3009.483,112.30761,5257.8057,2160.3306,2679.435,398.23343
7977.0967,292.18723,4092.905,1517.8473,3006.2178,112.284645,5252.9756,2159.59,2678.4563,398.0255
7974.3633,292.15112,4091.7073,1517.3344,3006.1794,112.2677,5252.7075,2158.8923,2677.5913,397.94788
8031.7363,299.78577,4046.6414,1484.5531,2967.9128,118.128746,5354.987,2168.399,2684.1814,395.25964
8030.7856,299.76822,4046.1294,1484.367,2967.4683,118.14539,5354.3296,2168.152,2683.8486,395.23483
8030.4224,299.78204,4046.0332,1484.3406,2967.512,118.169334,5354.4277,2168.018,2683.712,395.2324
8027.2603,299.6948,4044.1265,1483.7009,2966.223,118.14307,5351.841,2167.233,2682.695,395.10367
8024.739,299.61185,4043.1213,1483.3192,2965.3398,118.11605,5350.3394,2166.5718,2681.8923,395.00485
8013.8936,299.29532,3995.0745,1480.1232,3080.1167,114.81494,5345.6836,2189.0483,2720.518,387.12952
8012.796,299.28076,3994.535,1479.9639,3079.7192,114.8295,5345.02,2188.7957,2720.1472,387.10364
8012.3643,299.2833,3994.542,1479.8779,3079.52,114.87303,5344.753,2188.6875,2719.9846,387.1222
8009.5767,299.20047,3992.586,1479.3729,3078.3782,114.80839,5342.43,2187.936,2719.056,386.96985
8006.841,299.12646,3991.581,1478.9076,3077.4622,114.80849,5341.0303,2187.2166,2718.1858,386.87918
8124.7344,300.6563,3975.9219,1436.6211,3068.7188,113.21392,5270.944,2179.4456,2654.3115,380.93454
8123.7637,300.62842,3975.413,1436.4551,3068.274,113.217575,5270.13,2179.183,2654.0093,380.89148
8123.295,300.64023,3975.3381,1436.541,3068.1497,113.25067,5270.1724,2179.1475,2654.0415,380.93073
8120.01,300.55634,3973.611,1435.6869,3066.8848,113.22517,5267.413,2178.2056,2652.6833,380.76062
8117.626,300.47452,3972.4712,1435.4293,3066.0442,113.20544,5266.2373,2177.5996,2652.0447,380.6798
7899.7744,306.196,3966.5618,1411.3519,2650.6755,113.07932,4865.0415,2170.6587,2635.157,367.88504
7898.9976,306.1929,3965.958,1411.16,2650.578,113.06026,4864.7095,2170.384,2634.8762,367.88654
7898.8135,306.1962,3965.9592,1411.2128,2651.6484,113.09336,4865.5757,2170.2473,2634.796,367.86493
7894.899,306.10632,3964.205,1410.5116,2648.0889,113.07642,4861.2515,2169.4766,2633.6335,367.69666
7892.9688,306.01785,3963.0864,1410.1758,2648.4766,113.05897,4860.8926,2168.8237,2632.9246,367.65637
7557.992,323.4291,3995.1448,1402.4282,2468.267,136.00877,4716.909,2165.73,2671.4497,375.41458
7557.6177,323.37753,3994.6472,1402.3109,2468.063,135.99919,4716.436,2165.6206,2671.1123,375.40134
7557.8223,323.42505,3994.421,1402.3307,2468.2212,136.0373,4716.475,2165.5728,2671.0205,375.4294
7552.6274,323.32382,3992.913,1401.6316,2466.529,136.00562,4713.9165,2164.411,2670.035,375.30325
7551.5947,323.21744,3991.6895,1401.2924,2466.1934,135.96649,4712.854,2163.9614,2669.1685,375.1796
7342.8535,346.80728,3930.9114,1400.3857,2602.0579,146.31635,4814.728,2138.4023,2561.2854,393.9412
7341.8013,346.77304,3930.43,1400.2201,2601.7466,146.31122,4814.166,2138.1099,2560.786,393.9081
7342.1704,346.78668,3930.3953,1400.2214,2601.7673,146.3326,4814.1416,2138.1235,2561.008,393.91287
7338.012,346.68478,3928.4675,1399.5818,2600.5461,146.30257,4811.7935,2137.2065,2559.271,393.79507
7336.351,346.57755,3927.51,1399.2277,2599.837,146.27397,4810.543,2136.5896,2558.9866,393.68417
7610.84,350.82043,3830.426,1403.8896,2668.201,143.67317,4904.9155,2140.776,2519.391,422.2387
7609.826,350.79385,3829.964,1403.7511,2667.8218,143.68295,4904.2866,2140.553,2519.097,422.2052
7609.435,350.79648,3829.9233,1403.6807,2667.6877,143.69543,4903.91,2140.4658,2519.0496,422.2165
7606.7734,350.69547,3828.0542,1403.1975,2666.7825,143.66562,4902.2495,2139.5754,2517.899,422.0838
7604.1895,350.58792,3827.1157,1402.748,2665.7766,143.6342,4900.4854,2138.9753,2517.2488,421.9384
7991.6123,359.30652,3803.9314,1406.5574,2812.4216,143.24031,4985.4688,2181.6682,2576.1682,428.94763
7990.3213,359.29446,3803.552,1406.3956,2812.216,143.26372,4984.9546,2181.4023,2575.903,428.91803
7989.927,359.30035,3803.5056,1406.3344,2812.1206,143.27985,4984.6924,2181.2803,2575.745,428.91797
7987.1914,359.19025,3801.5906,1405.8281,2811.0906,143.22838,4982.918,2180.541,2574.8186,428.7866
7984.4814,359.086,3800.6772,1405.4022,2810.1133,143.2147,4981.175,2179.8118,2574.0034,428.65753
7432.5747,357.86508,3878.8237,1427.1167,2769.3125,137.1246,4719.958,2223.486,2587.558,439.72086
7431.9507,357.82962,3878.339,1426.9299,2768.8757,137.12915,4719.145,2223.2432,2587.2463,439.66907
7432.756,357.81903,3878.1084,1426.8652,2768.6956,137.1672,4719.2656,2223.1396,2587.147,439.67554
7427.299,357.70926,3876.7751,1426.3926,2767.6926,137.10464,4716.532,2222.3687,2586.1353,439.54324
7426.129,357.63214,3875.4849,1425.9249,2766.893,137.09431,4715.7266,2221.6238,2585.3582,439.40512
7107.2314,350.60315,3907.5452,1517.3282,2722.4087,135.33209,4510.5854,2271.1946,2542.97,444.6499
7106.057,350.591,3907.012,1517.1034,2722.2021,135.3375,4510.1035,2270.8608,2542.6619,444.6055
7106.5005,350.58487,3906.7742,1517.1091,2721.9534,135.34889,4510.3613,2270.7668,2542.6465,444.59003
7102.029,350.43857,3905.4456,1516.5795,2720.8315,135.31592,4507.3545,2269.999,2541.4116,444.46298
7100.838,350.3859,3904.14,1516.0101,2720.133,135.30319,4506.68,2269.2344,2540.7937,444.33432
7026.8286,342.1197,3879.9097,1575.939,2727.9575,144.72987,4428.618,2328.049,2518.3682,432.69476
7026.0044,342.1133,3879.3857,1575.7787,2727.664,144.73473,4428.0522,2327.812,2518.0532,432.6565
7025.943,342.10898,3879.285,1575.7015,2727.5303,144.76648,4428.058,2327.6897,2517.9495,432.67618
7022.4106,342.00864,3877.6726,1575.1646,2726.333,144.72978,4425.7363,2326.8809,2516.9995,432.47775
7020.7056,341.91498,3876.5442,1574.6433,2725.6326,144.69652,4424.7534,2326.0823,2516.23,432.40094
7026.0127,345.63467,3879.311,1586.2449,2808.4731,146.93613,4469.496,2342.6643,2586.7266,436.36853
7024.997,345.60742,3878.9077,1586.1349,2808.2915,146.93855,4469.195,2342.4473,2586.441,436.33224
7024.5376,345.62546,3878.7,1585.9995,2808.16,146.95381,4469.014,2342.2717,2586.254,436.32806
7021.5693,345.4918,3877.085,1585.4298,2807.1377,146.91351,4467.0073,2341.4622,2585.38,436.1972
7019.7637,345.41647,3875.994,1584.9636,2806.1316,146.89597,4465.7354,2340.7168,2584.5193,436.06882
6632.4097,337.9397,3839.9966,1534.9211,2832.7761,138.4039,4461.6016,2329.4768,2552.4297,438.2546
6631.533,337.89053,3839.4292,1534.6781,2832.325,138.41487,4460.7373,2329.2534,2552.0896,438.20847
6631.8164,337.90057,3839.2507,1534.676,2832.1218,138.44643,4460.529,2329.063,2551.9446,438.20654
6628.028,337.77844,3837.816,1533.9938,2831.2024,138.37775,4459.0576,2328.224,2550.9888,438.07135
6626.5845,337.7134,3836.6445,1533.619,2830.3052,138.37378,4457.5967,2327.5308,2550.236,437.9481
6585.954,329.51147,3891.2783,1533.1216,2756.7102,128.6272,4661.908,2329.4487,2532.767,421.73633
6585.614,329.4872,3890.9958,1532.9497,2756.2363,128.63866,4661.2983,2329.1646,2532.5269,421.69855
6585.2153,329.53284,3890.771,1532.9126,2756.5083,128.70438,4660.9595,2329.0403,2532.4895,421.77176
6581.768,329.30716,3889.1372,1532.2498,2754.7703,128.5681,4659.197,2328.1116,2531.252,421.48166
6580.3965,329.29733,3888.0073,1531.848,2754.247,128.60101,4657.8257,2327.4583,2530.6262,421.44254
6628.078,346.64203,3900.5608,1572.3972,2859.7651,131.43129,4687.39,2370.5781,2614.3123,438.05966
6627.025,346.62244,3900.0386,1572.1685,2859.0837,131.44023,4686.522,2370.255,2613.9226,438.01913
6626.6187,346.62515,3899.7683,1572.0984,2858.9272,131.4488,4686.111,2370.0908,2613.8164,438.00592
6624.2197,346.5238,3898.4534,1571.5801,2858.0437,131.4262,4684.629,2369.3076,2612.9275,437.87952
6622.1885,346.42178,3897.1602,1571.0569,2857.0403,131.40474,4683.0435,2368.5156,2612.0273,437.75238
6699.4756,334.4083,3968.4502,1614.0946,2909.916,119.469154,4753.9727,2376.0732,2684.4792,436.1023
6698.7583,334.4037,3968.0535,1613.9285,2909.6199,119.48435,4753.373,2375.7874,2684.2712,436.07272
6698.257,334.41714,3967.732,1613.8485,2909.4504,119.54039,4752.9424,2375.7683,2684.0837,436.07056
6695.742,334.2519,3966.346,1613.2981,2908.2112,119.414276,4751.362,2374.7473,2683.145,435.9085
6693.67,334.20743,3965.042,1612.7601,2907.4448,119.45445,4749.7515,2374.0627,2682.2285,435.80746
6786.0957,334.2922,3932.4612,1612.697,2931.8135,117.74743,4860.2485,2353.3137,2735.0596,447.21906
6785.129,334.24826,3932.0415,1612.5002,2931.4126,117.7342,4859.557,2352.9626,2734.7297,447.1793
6784.7764,334.2604,3931.944,1612.403,2931.269,117.76168,4859.168,2352.902,2734.5981,447.1682
6782.426,334.13074,3930.187,1611.8445,2930.2656,117.74293,4857.5503,2351.958,2733.651,447.03186
6780.0786,334.07123,3929.0974,1611.3466,2929.2383,117.71782,4855.8647,2351.287,2732.6775,446.90775
6969.5225,336.82504,3940.0647,1617.8275,3010.2673,125.76347,4849.909,2382.1663,2713.828,448.77356
6968.749,336.81735,3939.5967,1617.6652,3009.9238,125.769905,4849.2534,2381.895,2713.5125,448.74014
6968.209,336.8318,3939.3877,1617.5499,3009.7468,125.78813,4848.9023,2381.7341,2713.426,448.73288
6965.8076,336.691,3937.8306,1616.9857,3008.709,125.76432,4847.265,2380.9307,2712.3044,448.5975
6963.52,336.62424,3936.6711,1616.4973,3007.6802,125.73891,4845.634,2380.1582,2711.5183,448.46732
7094.7144,359.77914,3925.1172,1603.4586,3173.2495,129.97755,5068.109,2236.8318,2822.1565,484.0774
7093.7373,359.74088,3924.5425,1603.2655,3172.8022,129.98439,5067.353,2236.6028,2821.747,484.00845
7093.381,359.75134,3924.424,1603.1943,3172.6802,130.0028,5067.1235,2236.8813,2821.634,484.02512
7090.905,359.6466,3922.802,1602.5974,3171.5796,129.97694,5065.3726,2235.1213,2820.668,483.87552
7088.4062,359.53476,3921.677,1602.1207,3170.3958,129.95001,5063.533,2234.9216,2819.7124,483.72397
7390.5337,391.97696,3634.099,1680.3038,3372.4473,128.02899,5464.0073,2201.9373,3050.2542,512.51117
7389.5464,391.9376,3633.9922,1680.0165,3371.9204,128.0403,5463.243,2201.6084,3049.709,512.4747
7389.1353,391.9529,3634.5842,1679.9305,3371.7715,128.05579,5463.0327,2201.5173,3049.6575,512.4768
7386.565,391.8332,3631.4658,1679.3905,3370.6243,128.0226,5461.112,2200.5771,3048.6086,512.31146
7383.976,391.70816,3631.1284,1678.8097,3369.4277,128.00821,5459.162,2200.0352,3047.4548,512.1401
7379.454,381.24475,3745.6587,1634.425,3386.6672,119.403015,5458.429,2232.2502,3148.7153,501.96436
7378.702,381.201,3744.7998,1634.2561,3386.2979,119.40835,5457.779,2232.0488,3148.2766,501.9075
7378.284,381.2796,3744.5518,1634.2922,3386.5637,119.494606,5457.913,2232.0408,3148.099,501.9563
7375.64,381.08572,3743.3887,1633.4784,3384.7744,119.37317,5455.1836,2231.0012,3147.032,501.7558
7373.1255,380.9942,3742.09,1633.0808,3383.7976,119.387634,5453.702,2230.3948,3145.9397,501.60815
7073.7036,392.95477,3758.4548,1656.0996,3311.309,118.63026,5301.0234,2241.0596,3146.0347,534.3151
7072.489,392.91812,3758.0828,1655.9779,3310.846,118.61914,5300.373,2240.7783,3145.686,534.2501
7072.203,392.92355,3758.001,1655.8982,3310.9968,118.64145,5300.629,2240.6301,3145.5027,534.2775
7068.905,392.8068,3756.2092,1655.2747,3309.3513,118.621216,5297.984,2239.8489,3144.4124,534.10065
7067.3203,392.69324,3755.2422,1654.7549,3308.4282,118.60702,5296.421,2239.1309,3143.337,533.9187
7021.7646,397.2824,3819.517,1644.7303,3359.0422,118.65892,5456.25,2271.1787,3184.6055,556.68866
7021.1104,397.26462,3819.0005,1644.5034,3358.3882,118.65887,5455.203,2270.875,3184.1934,556.6164
7020.8022,397.248,3818.7473,1644.4253,3358.2808,118.68098,5454.959,2270.7239,3184.052,556.6147
7017.3286,397.1333,3817.4568,1643.8286,3357.1606,118.660194,5453.139,2269.8728,3182.948,556.44324
7015.6997,397.01562,3816.1802,1643.3475,3356.0159,118.63502,5451.235,2269.2378,3181.8735,556.2627
6951.3345,407.47308,3802.0881,1611.2666,3533.8806,122.62896,5673.136,2263.7253,3338.9346,559.36816
6950.4897,407.47458,3801.6077,1611.1025,3533.5347,122.643074,5672.5806,2263.4014,3338.4338,559.3408
6950.903,407.5112,3801.4146,1611.2268,3533.2493,122.67532,5672.1675,2263.3806,3338.3093,559.3199
6946.8867,407.31842,3800.076,1610.3413,3532.038,122.641975,5670.1816,2262.4429,3337.16,559.1425
6945.265,407.22354,3798.841,1609.9397,3530.7808,122.6165,5668.174,2261.7917,3335.9832,558.97784
6601.3853,390.4043,3783.814,1566.891,3534.923,119.34693,5644.214,2232.2527,3404.8484,543.35876
6600.4146,390.3729,3783.44,1566.7225,3534.371,119.33497,5643.3516,2231.952,3404.4827,543.3026
6601.348,390.4065,3783.1877,1566.7344,3534.1157,119.38003,5642.9014,2231.9653,3404.3018,543.2876
6596.356,390.20792,3781.6714,1565.9547,3532.9556,119.332344,5641.039,2230.9443,3403.0537,543.10364
6595.5073,390.146,3780.597,1565.593,3531.792,119.324776,5639.2144,2230.3474,3401.9497,542.9653
6404.2656,365.1935,3652.0696,1555.9612,3742.6528,102.38186,5572.7656,2247.1665,3240.368,509.8881
6403.453,365.16644,3651.502,1555.7296,3741.933,102.3771,5571.6875,2246.8374,3239.894,509.84232
6403.296,365.2456,3651.4626,1555.7351,3741.957,102.43402,5571.435,2246.6887,3239.9868,509.92203
6399.861,364.97952,3649.647,1555.0322,3740.643,102.31823,5569.585,2245.9543,3238.2722,509.54907
6398.638,364.9641,3648.8667,1554.6581,3739.2683,102.37547,5567.7236,2245.24,3237.568,509.52988
6795.489,366.2475,3421.7856,1519.6809,3893.2776,95.601746,6052.692,2152.3474,3061.092,482.7774
6795.147,366.1581,3421.3389,1519.4587,3892.869,95.60603,6052.1245,2152.3,3060.6575,482.71292
6794.679,366.18518,3422.1494,1519.5765,3892.6018,95.6593,6051.5967,2152.436,3061.293,482.84738
6792.1836,366.078,3418.9214,1518.7028,3891.2505,95.589134,6049.5054,2150.8276,3058.6257,482.41647
6789.519,365.98312,3418.785,1518.3923,3889.8672,95.60493,6047.404,2150.6038,3058.4116,482.42062
7594.9604,361.9967,3413.64,1576.9314,3683.297,97.75704,5479.5215,2161.9473,3060.3557,489.41986
7593.732,361.9617,3413.1377,1576.7175,3682.9736,97.76595,5478.3975,2161.534,3059.9333,489.35965
7593.859,361.97827,3413.2515,1576.6365,3683.1174,97.79084,5479.656,2161.42,3059.837,489.3796
7591.0513,361.81876,3411.4883,1576.1165,3681.0566,97.76934,5475.0,2160.719,3058.4717,489.2013
7588.226,361.76028,3410.6685,1575.5955,3680.1528,97.76207,5474.4907,2160.0466,3057.6892,489.07108
7811.817,374.084,3398.0312,1628.0436,3806.4973,96.27708,5726.1074,2314.3186,3163.1675,508.53354
7810.968,374.03287,3397.6404,1627.8469,3805.9502,96.29277,5725.3394,2314.0293,3162.7576,508.4724
7810.5146,374.05927,3397.4912,1627.7491,3805.7585,96.304535,5725.0547,2313.913,3162.5547,508.45523
7807.7427,373.94653,3395.9688,1627.2098,3804.4597,96.28659,5723.063,2313.1235,3161.484,508.30695
7804.9175,373.84454,3395.107,1626.6724,3803.1853,96.28376,5721.1646,2312.3293,3160.401,508.14365
7794.8896,386.43774,3457.004,1650.1913,3894.2993,104.37207,5968.8394,2341.1367,3252.3013,523.3336
7793.84,386.40823,3456.411,1649.9805,3893.7595,104.399765,5967.8823,2340.8076,3251.9954,523.28
7793.3594,386.43625,3456.2104,1649.9087,3893.7449,104.42914,5967.7817,2340.6677,3251.8215,523.27057
7790.6685,386.29834,3455.0703,1649.3538,3892.3057,104.40244,5965.662,2339.889,3250.6663,523.1108
7788.013,386.18716,3453.8684,1648.8076,3890.9314,104.366165,5963.5327,2339.0972,3249.5703,522.9489
8163.8726,378.62302,3468.1748,1693.261,4011.4392,100.54625,6087.078,2407.2056,3206.903,525.2942
8162.529,378.59824,3467.8323,1692.9698,4010.993,100.562614,6086.4263,2406.841,3206.445,525.2572
8162.1934,378.5901,3467.5542,1692.9167,4010.6865,100.58012,6086.0405,2406.7158,3206.3086,525.23865
8159.3716,378.48135,3466.368,1692.3585,4009.3152,100.556175,6083.899,2405.9136,3205.206,525.0769
8156.3926,378.36945,3465.1917,1691.7649,4007.8806,100.552536,6081.746,2405.1018,3204.1267,524.91547
8298.018,389.93784,3434.7969,1779.4412,4061.4724,93.63747,6084.073,2427.172,3242.3215,521.04736
8297.364,389.91168,3434.468,1779.2625,4061.0073,93.65481,6083.1694,2426.9187,3241.993,521.0343
8297.106,389.91718,3434.4856,1779.1951,4060.8428,93.692375,6082.774,2426.7812,3241.7598,521.04333
8293.445,389.79822,3432.8025,1778.574,4059.3958,93.64435,6080.7144,2425.9146,3240.642,520.8397
8290.953,389.67316,3431.8823,1777.9452,4057.9202,93.65012,6078.6074,2425.1345,3239.5493,520.69556
7977.0293,399.29062,3452.197,1754.5768,3640.3115,96.429985,5711.9473,2387.5825,3289.7283,526.5374
7975.851,399.28253,3451.6504,1754.379,3640.3262,96.44991,5711.3413,2387.2837,3289.3005,526.5221
7975.8267,399.26123,3451.4382,1754.3185,3641.3352,96.46049,5712.0728,2387.2153,3289.0793,526.4847
7972.0205,399.14078,3450.2927,1753.5901,3637.2925,96.442215,5707.631,2386.196,3287.9695,526.3243
7969.983,399.02948,3449.1506,1753.1102,3637.3694,96.43469,5706.9575,2385.5513,3286.8625,526.17084
7933.38,380.14523,3665.2666,1778.1213,3314.7874,86.19308,5508.286,2392.1494,3293.2915,493.5591
7932.389,380.11987,3664.6675,1777.9199,3314.1902,86.20169,5507.54,2391.9258,3292.885,493.46268
7932.493,380.11975,3664.519,1777.8071,3314.4717,86.236115,5507.3896,2391.7322,3292.681,493.49133
7928.441,380.00702,3663.2703,1777.2131,3312.6611,86.18789,5505.128,2390.8347,3291.5564,493.27557
7926.4175,379.89044,3661.9504,1776.6158,3311.8684,86.20553,5503.498,2390.147,3290.4602,493.1875
7382.7275,415.4222,3616.3247,1768.476,3392.9421,83.4434,5294.372,2301.226,3295.3027,502.00574
7381.4067,415.4266,3615.7585,1768.2726,3392.5586,83.45827,5293.746,2300.9534,3294.9033,501.97626
7383.0996,415.44482,3615.5522,1768.3262,3393.2346,83.51072,5294.767,2301.068,3294.7808,502.04102
7376.6543,415.29675,3614.3413,1767.4525,3390.3542,83.43398,5290.199,2299.7402,3293.3987,501.7466
7376.036,415.17374,3613.1396,1767.0048,3390.0286,83.46104,5289.758,2299.2654,3292.4697,501.65622
7249.9585,417.22675,3672.0166,1753.3322,3403.3972,84.69721,5375.793,2288.225,3425.953,492.42432
7248.78,417.15494,3671.6648,1753.0627,3402.614,84.72268,5374.7905,2287.9045,3425.3884,492.36502
7249.057,417.15088,3671.3274,1752.9331,3402.624,84.74509,5374.6694,2287.8062,3425.2385,492.35205
7245.2837,417.03918,3670.0857,1752.3771,3401.277,84.7312,5372.529,2286.872,3424.084,492.20923
7243.4883,416.93127,3668.8806,1751.8125,3400.3032,84.72565,5370.973,2286.2673,3422.9326,492.08112
7278.415,420.98425,3433.9177,1762.8628,3593.7341,85.264755,5516.385,2265.82,3488.1191,503.49765
7277.591,420.96335,3433.6272,1762.7043,3593.211,85.27261,5515.627,2265.6343,3487.607,503.4339
7277.0664,420.96826,3433.5571,1762.5929,3593.1455,85.3111,5515.4062,2265.4346,3487.4917,503.42975
7274.384,420.8356,3431.8572,1761.9917,3591.873,85.29346,5513.469,2264.6165,3486.2805,503.27896
7272.098,420.7096,3431.0166,1761.4037,3590.6082,85.28287,5511.5576,2263.9446,3485.0933,503.1164
7309.191,435.15936,3604.488,1724.4641,3817.1504,90.66121,5689.8657,2229.134,3524.8677,530.90173
7308.8677,435.12805,3603.7688,1724.2961,3816.6953,90.6767,5689.1787,2229.0027,3524.4116,530.8653
7308.537,435.11856,3603.4258,1724.297,3816.505,90.70212,5688.834,2228.966,3524.2017,530.85223
7305.0044,434.98904,3602.3188,1723.3947,3815.1692,90.68735,5686.8535,2227.8096,3522.8862,530.6855
7303.0825,434.86176,3601.0276,1723.0343,3813.775,90.67744,5684.86,2227.307,3521.8074,530.51447
7084.5786,442.67923,3685.204,1719.3805,3815.164,93.306465,5855.0396,2177.1736,3500.3574,510.69357
7083.489,442.67807,3684.824,1719.198,3815.1887,93.33041,5854.8105,2176.921,3500.0386,510.6726
7083.6685,442.65576,3684.6804,1719.169,3814.9106,93.34094,5854.29,2177.0608,3499.895,510.7102
7079.7056,442.51953,3683.1926,1718.5409,3812.9778,93.32131,5852.041,2175.753,3498.4766,510.40866
7078.26,442.3888,3682.0725,1717.9694,3812.0952,93.32158,5850.188,2175.332,3497.4087,510.33936
6987.9214,397.76404,3581.5344,1701.6205,3330.9072,90.21509,5253.775,2092.4358,3443.3586,513.7765
6986.851,397.79474,3581.0977,1701.4135,3330.5684,90.23982,5253.465,2092.1309,3443.043,513.77026
6986.1436,397.90796,3581.1526,1701.4974,3331.0247,90.2612,5253.9463,2092.2825,3443.0396,513.76556
6983.8955,397.5176,3579.4314,1700.5981,3328.3743,90.24559,5249.9326,2091.0403,3441.4377,513.5836
6981.686,397.52872,3578.4617,1700.2021,3328.069,90.23706,5249.3506,2090.6472,3440.4668,513.4338
7336.352,383.6362,3629.1274,1727.2513,3151.009,86.714424,4962.4995,2138.8237,3476.3987,538.6299
7335.203,383.5939,3628.525,1726.981,3150.6592,86.73254,4961.8706,2138.4844,3475.866,538.5739
7334.9634,383.685,3628.394,1726.9106,3151.6892,86.79658,4962.9736,2138.4307,3475.8176,538.5803
7332.3916,383.42993,3627.1567,1726.3403,3148.252,86.69732,4958.553,2137.7031,3474.441,538.4082
7329.7764,383.3791,3625.9346,1725.7761,3148.2747,86.73031,4958.1177,2137.0,3473.362,538.2434
7624.203,392.3467,3759.021,1789.1393,2944.115,87.21123,4927.763,2228.011,3553.2874,538.4762
7623.5005,392.33228,3758.5342,1788.9435,2943.947,87.23025,4927.378,2227.7485,3552.9705,538.4637
7622.9463,392.3518,3758.3772,1788.8628,2944.6646,87.26083,4927.829,2227.5938,3552.834,538.47034
7620.252,392.1767,3757.0627,1788.2495,2941.6333,87.243935,4924.4033,2226.8489,3551.4546,538.2677
7617.6016,392.09686,3755.793,1787.66,2941.6516,87.22805,4923.5728,2226.1204,3550.3013,538.11145
7508.3794,386.0016,3809.4287,1792.0758,2793.309,86.2712,4792.2563,2220.216,3422.0352,522.8197
7507.2285,385.93124,3808.9922,1791.9083,2792.5278,86.257744,4791.3003,2219.941,3421.5217,522.75366
7506.718,385.93057,3808.746,1791.7758,2792.8237,86.276985,4791.3164,2219.7825,3421.7493,522.7358
7504.156,385.7856,3807.434,1791.093,2790.8372,86.275406,4788.7964,2219.0474,3419.743,522.52576
7501.7676,385.72543,3806.1687,1790.5957,2790.6672,86.27357,4787.8916,2218.348,3419.0579,522.4329
7603.678,378.9655,3846.0762,1736.6647,2635.346,92.31043,4679.026,2278.8628,3387.041,519.23944
7602.7446,378.9015,3845.6292,1736.3914,2634.9375,92.31402,4678.251,2278.5447,3386.5364,519.19434
7602.47,378.9246,3845.3262,1736.4149,2635.533,92.33816,4678.7583,2278.4033,3386.3,519.21906
7599.5005,378.77655,3844.0234,1735.5261,2633.259,92.32641,4675.7344,2277.647,3385.0898,518.98267
7597.045,378.69876,3842.705,1735.1626,2633.017,92.30891,4674.835,2276.871,3384.0354,518.86755
7733.5933,387.93454,3912.828,1754.2074,2685.548,95.25582,4750.2515,2324.6604,3477.8818,521.4665
7732.731,387.9102,3912.2874,1754.0034,2685.105,95.26705,4749.4746,2324.392,3477.3813,521.4138
7732.195,387.90927,3912.0017,1753.9647,2684.949,95.283966,4749.186,2324.254,3477.306,521.4165
7729.499,387.7936,3910.6707,1753.217,2684.0356,95.27206,4747.6016,2323.4634,3475.8704,521.2427
7726.84,387.6811,3909.409,1752.7406,2683.2046,95.26133,4746.013,2322.6814,3474.8596,521.095
7871.331,393.95868,4002.7395,1716.1304,2806.396,90.24651,4824.7617,2374.9092,3275.3396,523.2375
7870.227,393.9315,4002.1772,1715.9951,2806.0288,90.25373,4824.076,2374.5945,3275.0103,523.15125
7869.694,393.91946,4001.885,1716.0128,2805.7803,90.2704,4823.659,2374.4673,3275.4856,523.1771
7867.0093,393.8066,4000.5474,1715.0972,2804.864,90.26172,4822.0693,2373.6646,3273.0476,523.01227
7864.306,393.6886,3999.2053,1714.7261,2803.8777,90.250496,4820.4575,2372.849,3272.5496,522.8516
8134.763,411.6103,3976.003,1659.7554,2839.8086,88.43563,4838.9727,2400.2773,3230.8315,542.2689
8133.591,411.5711,3975.5183,1659.5292,2839.3735,88.444374,4838.2563,2400.0303,3230.3708,542.2259
8133.169,411.58755,3975.308,1659.5958,2839.277,88.48402,4837.9565,2399.9673,3230.3752,542.2224
8130.346,411.45898,3973.854,1658.674,2838.3047,88.446266,4836.32,2399.0154,3228.7908,542.0489
8127.446,411.32513,3972.5781,1658.3497,2837.338,88.44533,4834.673,2398.2666,3228.0051,541.8723
8295.186,426.70822,3925.6045,1480.1978,2921.0454,87.983284,4815.669,2381.1748,3319.3901,549.94305
8293.9795,426.67743,3925.0525,1479.954,2920.833,87.996284,4815.251,2380.8762,3318.8994,549.8893
8293.656,426.67032,3925.0398,1480.465,2920.5942,88.01639,4815.1772,2380.8254,3318.6892,549.8631
8290.74,426.5432,3923.2107,1478.6061,2919.5813,88.00555,4812.6064,2379.8003,3317.5823,549.69965
8287.956,426.4161,3922.1787,1478.8827,2918.6035,87.995735,4811.5303,2379.1414,3316.5007,549.5403
8452.035,437.70514,3957.059,1423.4176,2910.7485,85.00465,4904.956,2406.9175,3457.6255,539.2203
8450.917,437.65805,3956.4885,1423.2166,2910.4175,85.01956,4904.316,2406.5984,3457.1265,539.1707
8450.394,437.66617,3956.2075,1423.3251,2910.576,85.061714,4903.9976,2406.4429,3456.982,539.2039
8447.471,437.53278,3954.8862,1422.4353,2908.9539,85.00318,4902.3213,2405.6406,3455.7898,538.9453
8444.537,437.39407,3953.5447,1422.2172,2908.2651,85.02274,4900.721,2404.8433,3454.579,538.8318
8178.3657,457.22305,3933.487,1402.9072,2800.9436,81.98683,4904.1606,2307.2683,3418.7166,526.2375
8177.6533,457.2015,3933.079,1402.7217,2800.6929,82.00866,4903.6333,2307.0842,3418.3054,526.1745
8177.463,457.17297,3932.9343,1402.7769,2800.5598,82.04437,4903.2915,2307.2356,3418.0542,526.1871
8173.516,457.03964,3931.2932,1402.0333,2799.1582,82.002655,4901.1387,2305.8496,3416.8977,525.97833
8171.3525,456.91287,3930.1267,1401.7368,2798.5818,82.011086,4899.9263,2305.3599,3415.7498,525.8545
7935.7607,444.83868,3892.6821,1356.7368,2757.7322,78.15328,4693.834,2227.636,3442.4026,529.8923
7934.6055,444.8124,3892.1304,1356.5917,2757.2395,78.15072,4693.081,2227.3472,3441.9558,529.8461
7934.8594,444.785,3892.0815,1356.6578,2757.2388,78.17876,4693.091,2227.4595,3441.7153,529.8203
7930.434,444.6576,3890.3962,1355.8405,2756.0054,78.17388,4690.7725,2226.1838,3440.5557,529.66296
7928.731,444.52533,3889.297,1355.6195,2755.3088,78.1773,4689.681,2225.7368,3439.4172,529.51166
7967.421,447.27356,3958.6472,1348.3933,2865.5195,82.03325,4806.9346,2281.6182,3468.6191,527.3116
7966.525,447.2251,3958.0544,1348.2284,2865.1963,82.05472,4806.3325,2281.3623,3468.2087,527.27
7965.9604,447.22806,3957.7756,1348.1173,2864.9893,82.06684,4806.009,2281.174,3467.9531,527.24036
7962.77,447.09335,3956.4602,1347.6674,2864.0195,82.05915,4804.3623,2280.388,3466.7778,527.0787
7960.475,446.95615,3955.126,1347.2631,2863.0247,82.046074,4802.6934,2279.6743,3465.6191,526.92377
7741.671,456.4935,3952.872,1310.6768,2792.7556,77.447685,4709.7427,2226.822,3414.589,524.12994
7740.542,456.44742,3952.2942,1310.5684,2792.413,77.47907,4709.254,2226.5427,3414.247,524.11365
7741.2646,456.46155,3952.0889,1310.608,2792.472,77.49725,4709.184,2226.6284,3413.9727,524.08514
7736.563,456.28198,3950.7407,1309.893,2791.1003,77.47226,4706.92,2225.4644,3412.711,523.9071
7734.8374,456.17487,3949.4104,1309.6193,2790.3713,77.4784,4705.7026,2224.9294,3411.6843,523.765
7539.895,438.2006,4049.3074,1322.9911,2732.332,71.90338,4707.9297,2178.8433,3381.3948,493.7649
7538.7485,438.1227,4048.8025,1322.8577,2731.7283,71.9277,4707.0605,2178.6094,3380.9146,493.74637
7538.48,438.17926,4048.4854,1322.8025,2732.0269,71.97474,4706.8174,2178.4805,3380.9548,493.83105
7535.2363,437.92972,4047.1243,1322.3535,2730.3157,71.9098,4705.058,2177.6162,3379.3035,493.44498
7533.182,437.88144,4045.7917,1321.9283,2729.852,71.937225,4703.6973,2177.0125,3378.4578,493.42346
7655.1206,447.64807,3923.7527,1317.8334,2818.1182,75.102745,4994.231,2229.6824,3245.0825,467.3797
7654.039,447.58316,3923.1392,1317.6748,2817.6462,75.10432,4993.4053,2229.3235,3244.6145,467.33713
7653.508,447.59122,3923.098,1317.586,2817.452,75.12601,4993.1504,2229.188,3244.6516,467.32922
7650.9062,447.45908,3921.148,1317.151,2816.5396,75.122986,4991.4624,2228.4614,3243.023,467.1196
7648.3145,447.31918,3920.2705,1316.7524,2815.5583,75.10755,4989.6846,2227.6963,3242.2559,467.0471
7399.475,459.10358,3911.4163,1341.3898,2674.6973,70.80389,5021.6846,2229.4753,3291.395,459.89886
7398.646,459.1086,3910.95,1341.233,2674.5088,70.82897,5021.2856,2229.2468,3291.0356,459.8762
7398.859,459.13263,3910.7603,1341.1649,2674.5974,70.854996,5020.99,2229.2112,3290.9143,459.9606
7394.5605,458.9132,3909.123,1340.7197,2673.0054,70.80966,5019.031,2228.1995,3289.6387,459.62128
7393.0386,458.8079,3908.0383,1340.2705,2672.473,70.836044,5017.4556,2227.6074,3288.597,459.5871
7305.0415,451.00882,3852.6724,1348.8247,2613.8267,75.313225,4728.093,2181.5007,3283.4084,468.7049
7304.025,450.94873,3852.232,1348.6705,2613.4902,75.31982,4727.434,2181.2375,3283.006,468.6667
7303.507,450.98935,3852.038,1348.6189,2613.506,75.341606,4727.6567,2181.0774,3282.8574,468.66895
7300.6816,450.80017,3850.4849,1348.1635,2612.1978,75.337234,4724.931,2180.3542,3281.559,468.5231
7298.587,450.68918,3849.3577,1347.707,2611.5977,75.327934,4723.96,2179.6445,3280.587,468.39215
7403.3647,465.33145,3879.0105,1375.9965,2698.847,76.3594,4755.8374,2266.9575,3342.9038,452.52902
7402.245,465.3034,3878.6572,1375.8544,2698.5017,76.37172,4755.191,2266.6145,3342.4795,452.52383
7401.752,465.29898,3878.447,1375.8022,2698.4648,76.39717,4755.1396,2266.508,3342.294,452.6413
7399.2095,465.1539,3876.7827,1375.332,2697.4973,76.38913,4753.178,2265.7498,3341.1465,452.29126
7396.8096,465.0148,3875.7131,1374.8689,2696.561,76.38138,4751.6855,2264.97,3340.0193,452.23672
7605.6997,482.79367,3907.1426,1414.5697,2633.5725,82.658806,4595.6724,2305.7495,3372.1575,450.82474
7604.6816,482.73944,3906.7295,1414.3953,2633.191,82.66407,4594.993,2305.5715,3372.0005,450.7617
7604.157,482.72836,3906.47,1414.3413,2632.8857,82.69111,4594.658,2305.481,3371.5974,450.74185
7601.5547,482.58655,3905.1152,1413.8649,2631.9092,82.68182,4592.571,2304.5928,3370.2314,450.61954
7598.965,482.44266,3903.8171,1413.3694,2631.2537,82.66766,4591.5986,2303.8535,3369.3655,450.49182
7721.311,491.949,4023.2078,1401.7148,2902.6716,88.3046,4919.928,2293.0334,3335.4343,477.30847
7720.225,491.9509,4022.6943,1401.5316,2902.3733,88.32192,4919.4346,2292.7239,3335.006,477.2924
7719.844,491.97775,4022.4634,1401.5901,2902.4055,88.34839,4919.331,2292.5789,3334.8857,477.2931
7717.153,491.75858,4021.0764,1400.8546,2901.3071,88.33336,4917.508,2291.7776,3333.6145,477.13663
7714.4644,491.62903,4019.6797,1400.5371,2900.0938,88.315384,4915.59,2291.0679,3332.5627,476.9769
8033.9824,473.80017,3968.512,1371.963,3210.8633,90.16907,5276.568,2268.9995,3242.8896,475.44983
8033.0967,473.76965,3967.9187,1371.7052,3210.6382,90.19864,5276.0366,2268.56,3242.296,475.41544
8032.6084,473.76282,3967.6233,1371.726,3210.5376,90.20991,5275.8433,2268.588,3242.4106,475.3983
8029.769,473.61185,3966.314,1371.1096,3209.3452,90.19695,5273.922,2267.5278,3240.7937,475.2563
8026.934,473.47662,3965.064,1370.7971,3208.0564,90.18543,5271.9004,2266.9993,3240.0234,475.12015
8094.4805,471.23727,4071.4043,1378.062,3092.69,88.04135,5305.464,2289.0427,3317.5251,483.97412
8093.385,471.17166,4070.8928,1377.9384,3092.2366,88.04411,5304.6846,2288.81,3317.1345,483.9217
8092.94,471.15253,4070.6028,1377.8197,3092.1187,88.06983,5304.3086,2288.6655,3316.9126,483.91644
8090.123,471.00354,4069.2227,1377.3711,3090.9558,88.0597,5302.527,2287.8818,3315.7808,483.77115
8087.3203,470.8773,4067.8699,1376.9209,3089.9924,88.05072,5300.6895,2287.1301,3314.677,483.62695
8028.3047,491.05,4116.7417,1390.7377,3291.025,93.147896,5473.114,2298.8398,3341.504,500.45084
8027.2017,490.9935,4116.259,1390.5874,3290.3196,93.15533,5472.1343,2298.6104,3341.0981,500.37268
8026.801,490.99576,4115.9814,1390.5011,3290.2654,93.17732,5471.8325,2298.5374,3340.9106,500.36984
8023.993,490.84528,4114.568,1390.0413,3289.1658,93.16515,5470.0093,2297.6465,3339.7585,500.22354
8021.3086,490.69,4113.205,1389.5756,3288.0054,93.152954,5468.0796,2296.9246,3338.635,500.05203
7888.6426,470.39874,4155.481,1415.0714,3297.796,92.61176,5607.929,2322.183,3389.465,496.37732
7887.7285,470.3743,4155.0083,1414.8411,3297.4856,92.63258,5607.2803,2321.8975,3389.092,496.364
7888.1006,470.40134,4154.6865,1414.8838,3297.1982,92.64646,5606.865,2321.8103,3388.8452,496.34775
7883.4736,470.15622,4153.217,1414.3844,3296.0786,92.63388,5604.939,2320.9363,3387.6882,496.16537
7881.727,470.07983,4151.902,1413.9185,3294.9854,92.6185,5603.0386,2320.214,3386.56,496.04276
7404.9575,464.97583,4099.651,1464.8732,3137.06,93.89802,5693.264,2313.705,3250.0518,495.88867
7403.989,464.93332,4099.0728,1464.7032,3136.6567,93.92066,5692.767,2313.4338,3249.694,495.85248
7403.895,464.9149,4098.952,1464.6001,3136.709,93.9451,5692.2856,2313.2932,3249.7625,495.83127
7400.289,464.7617,4097.284,1464.0957,3134.8633,93.9175,5690.0513,2312.5066,3248.0881,495.6808
7398.4707,464.64996,4096.0767,1463.6614,3134.3335,93.91237,5688.377,2311.7449,3247.2786,495.53506
7230.8784,470.50635,4158.1323,1424.2108,3125.4897,91.946785,5614.661,2301.0498,3299.9663,500.0072
7229.815,470.44205,4157.5703,1423.9923,3124.9346,91.951675,5613.7236,2300.739,3299.5442,499.93552
7230.7573,470.44186,4157.344,1423.9479,3124.864,91.97586,5613.4165,2300.7175,3299.3464,499.94037
7225.338,470.30417,4155.9155,1423.4382,3123.7832,91.96426,5611.5273,2299.714,3298.2173,499.78973
7224.413,470.17703,4154.54,1423.0123,3122.7405,91.9563,5609.6685,2299.084,3297.1365,499.63403
7142.9697,479.1094,4185.5083,1445.6039,3227.5237,95.00282,5758.9414,2293.7847,3282.6345,516.2209
7142.0615,479.0871,4185.0625,1445.4585,3227.232,95.01572,5758.2915,2293.5508,3282.2996,516.1826
7141.8794,479.06674,4184.7744,1445.384,3227.0024,95.03696,5757.856,2293.408,3282.165,516.164
7138.3384,478.91385,4183.1772,1444.8276,3225.8818,95.02281,5755.874,2292.5076,3280.7478,516.0068
7136.6865,478.7816,4181.9204,1444.42,3224.798,95.01037,5753.8984,2291.8613,3279.8462,515.8539
7183.3154,473.287,4183.6377,1421.4447,3383.6255,104.48443,5947.995,2315.5867,3289.2139,551.31714
7182.2563,473.2311,4183.177,1421.3071,3382.7908,104.49505,5947.0415,2315.3542,3288.9019,551.2855
7181.9746,473.2171,4182.934,1421.2892,3382.7124,104.52174,5946.7407,2315.2004,3288.7195,551.2884
7179.1733,473.07468,4181.308,1420.6125,3381.6248,104.50197,5944.7144,2314.3896,3287.3035,551.1052
7176.96,472.95184,4180.043,1420.2799,3380.4297,104.48082,5942.638,2313.6133,3286.4211,550.91614
7368.1646,479.47052,4181.2847,1416.4362,3532.0667,106.34322,6083.941,2366.1804,3104.5479,581.4519
7367.174,479.44412,4180.7266,1416.2662,3531.7578,106.352356,6083.412,2365.8433,3104.1438,581.3845
7366.725,479.42856,4180.421,1416.1758,3531.576,106.36716,6082.931,2365.7217,3104.287,581.3935
7364.18,479.28174,4178.9497,1415.7137,3530.3142,106.35193,6080.799,2364.9265,3102.5664,581.20593
7361.6177,479.14032,4177.645,1415.2676,3529.0818,106.32899,6078.731,2364.1233,3101.8784,581.00916
7406.4624,479.61606,4092.19,1408.9081,3572.7847,108.816315,6161.494,2374.4731,3111.5498,590.3502
7405.8823,479.57877,4091.616,1408.7228,3572.4136,108.8183,6160.6577,2374.1865,3111.112,590.293
7405.238,479.5873,4091.626,1408.7206,3572.22,108.84088,6160.2876,2374.102,3111.067,590.2768
7402.3643,479.40134,4089.6233,1408.0925,3570.9604,108.81589,6158.165,2373.1914,3109.63,590.0929
7400.1377,479.28122,4088.6138,1407.7391,3569.693,108.80563,6156.0273,2372.4612,3108.8535,589.9065
7279.27,483.6957,4077.7915,1407.7474,3492.2168,110.84137,6279.4487,2377.355,3067.6636,596.29443
7278.3813,483.666,4077.1711,1407.6091,3491.8943,110.873146,6278.6836,2377.0493,3067.1953,596.25354
7277.9087,483.65137,4077.0256,1407.5304,3491.8398,110.911736,6278.2783,2376.8796,3067.1182,596.2298
7275.2725,483.50327,4075.339,1407.0515,3490.1333,110.821335,6276.1,2376.0896,3065.787,596.0418
7272.935,483.35498,4074.2026,1406.5975,3489.2534,110.842545,6273.9185,2375.3064,3064.9832,595.85504
7471.7812,486.0481,4113.5454,1448.3594,3347.7808,109.35576,6065.439,2413.6633,3099.1316,597.23267
7470.9473,485.9408,4113.113,1448.1404,3347.3596,109.379395,6064.5825,2413.4595,3098.7979,597.1628
7470.413,485.98843,4112.7363,1448.1027,3347.4858,109.399025,6064.6562,2413.298,3098.6394,597.14667
7467.816,485.83694,4111.3037,1447.6191,3345.7073,109.37631,6061.6177,2412.4602,3097.4102,596.9643
7465.2593,485.70007,4110.0347,1447.1284,3344.902,109.356766,6060.118,2411.637,3096.4976,596.7909
7592.9463,554.5758,4186.812,1488.2325,3244.4446,110.69724,5996.9824,2406.2375,3042.6318,612.38434
7592.0063,554.5374,4186.1416,1488.0966,3244.048,110.70566,5996.2227,2405.9343,3042.107,612.34235
7591.4956,554.552,4185.8857,1487.9863,3244.3372,110.71713,5996.2534,2405.7734,3041.8928,612.3139
7588.867,554.36456,4184.4873,1487.4421,3242.1038,110.69479,5993.2295,2404.8694,3040.9126,612.1111
7586.276,554.17175,4183.037,1487.0087,3241.62,110.685875,5991.7227,2404.1777,3039.9421,611.93243
7594.664,555.5978,4232.9077,1454.3152,3199.1907,113.58134,6124.012,2465.466,3148.718,628.4078
7593.7163,555.5651,4232.3667,1454.1584,3198.9604,113.6093,6123.169,2465.193,3148.3354,628.32135
7593.501,555.54645,4232.146,1454.0806,3198.6675,113.62925,6122.688,2465.061,3148.107,628.3463
7590.1265,555.3708,4230.608,1453.594,3197.109,113.58211,6120.6274,2464.2097,3147.0464,628.13824
7588.011,555.1937,4229.251,1453.1361,3196.4763,113.580536,6118.478,2463.3728,3146.0132,627.93286
7400.4463,540.9254,4148.6104,1433.488,2924.5344,132.52332,5749.9683,2524.773,3152.4536,634.47424
7399.644,540.8881,4148.1396,1433.3309,2924.0366,132.56369,5749.058,2524.495,3152.1865,634.4124
7399.3154,540.8647,4147.9746,1433.3322,2924.7778,132.60365,5749.8013,2524.2908,3151.8997,634.3908
7396.019,540.6986,4146.089,1432.5927,2921.9836,132.58488,5745.6167,2523.4072,3150.8071,634.19275
7394.0283,540.5322,4145.0347,1432.304,2921.9158,132.50243,5744.822,2522.6187,3149.782,634.00446
7416.5596,560.9786,4120.3438,1424.7188,2896.8342,155.30208,5976.1387,2539.736,3124.034,621.79865
7415.762,560.92706,4119.7876,1424.6035,2896.5166,155.29851,5975.4893,2539.386,3123.6296,621.72046
7415.554,560.909,4119.729,1424.5618,2896.8684,155.33215,5975.344,2539.216,3123.5322,621.7037
7412.2935,560.7368,4117.82,1423.905,2894.8997,155.29256,5972.81,2538.3733,3122.2507,621.51337
7410.128,560.57043,4116.7476,1423.5636,2894.3591,155.24985,5970.97,2537.5393,3121.343,621.3217
7227.0557,510.67722,4047.157,1384.2191,2642.5706,150.49396,5409.9165,2511.3875,3006.8953,566.96045
7226.225,510.67786,4046.657,1384.0449,2642.4397,150.49606,5409.472,2511.0586,3006.5686,566.9073
7226.2153,510.76392,4046.578,1384.126,2642.6343,150.49696,5409.6,2510.9265,3006.7888,567.01385
7222.3413,510.26688,4044.6287,1383.3281,2640.394,150.41006,5405.795,2509.88,3004.775,566.49945
7220.739,510.31982,4043.6455,1383.0648,2640.3508,150.44481,5405.2407,2509.2292,3004.3083,566.5337
7534.3354,490.0189,4116.3936,1414.4271,2523.2327,144.75505,5250.979,2565.094,2961.0437,557.29895
7533.199,489.95758,4115.7114,1414.2585,2522.903,144.74005,5250.2686,2564.7112,2960.629,557.20465
7532.703,489.94583,4115.4844,1414.1965,2523.029,144.75162,5250.559,2564.5906,2960.521,557.2272
7530.15,489.77402,4114.1094,1413.7225,2521.6238,144.7291,5247.3794,2563.727,2959.25,556.97974
7527.471,489.6641,4112.754,1413.2537,2521.085,144.70102,5246.3823,2562.8835,2958.4783,556.87213
7810.062,502.47266,4183.568,1406.7146,2575.2747,147.23065,5311.6733,2573.1963,2832.4946,550.3565
7808.971,502.39716,4183.09,1406.5284,2574.825,147.22762,5310.8433,2572.8833,2832.2166,550.2669
7808.548,502.38327,4182.799,1406.4678,2574.8284,147.24474,5310.621,2572.7415,2832.2341,550.29004
7805.841,502.24094,4181.3613,1405.946,2573.7227,147.21542,5308.4956,2571.8606,2830.7832,550.0854
7803.1807,502.0973,4179.9546,1405.55,2573.0137,147.1892,5306.961,2571.0193,2830.1003,549.944
7782.1377,526.20026,4213.105,1447.6228,2659.306,149.61154,5342.602,2606.5298,2813.1282,555.36664
7781.064,526.15594,4212.525,1447.4133,2659.0647,149.62761,5342.0986,2606.1968,2812.8293,555.32166
7780.515,526.1547,4212.296,1447.3855,2658.96,149.65956,5342.1255,2606.033,2812.9304,555.3138
7777.8535,525.98804,4210.851,1446.8955,2657.8164,149.58734,5339.388,2605.1545,2811.3853,555.12134
7775.183,525.8312,4209.448,1446.407,2657.079,149.5776,5338.025,2604.281,2810.7478,554.9706
7968.753,537.68646,4296.3506,1522.0658,2639.7664,150.27411,5393.296,2625.2666,2823.573,573.1795
7967.6597,537.6464,4295.7964,1521.8638,2639.51,150.27203,5392.8223,2624.96,2823.2585,573.09436
7967.0117,537.6447,4295.484,1521.777,2639.3464,150.28815,5392.4473,2624.7698,2823.2498,573.1078
7964.334,537.47174,4294.031,1521.2787,2638.4294,150.25758,5390.5366,2623.8875,2821.983,572.9271
7961.6855,537.30115,4292.589,1520.7705,2637.4944,150.2268,5388.6147,2623.0251,2821.1777,572.7464
7893.3193,534.25854,4358.781,1476.545,2644.8477,156.12462,5269.8213,2665.6492,2880.9963,576.1625
7892.204,534.22565,4358.1724,1476.3706,2644.8496,156.14339,5269.9326,2665.2253,2880.6245,576.1113
7891.7476,534.26117,4357.8984,1476.3665,2644.72,156.1602,5269.93,2665.0916,2880.4377,576.0859
7889.0273,533.98865,4356.4194,1475.6978,2643.3179,156.12053,5266.0454,2664.2026,2879.4685,575.9091
7886.3643,533.88,4354.9546,1475.3252,2642.7307,156.08081,5265.5366,2663.2974,2878.537,575.7375
8207.608,503.2702,4413.4897,1449.6735,2339.4573,153.03027,4854.433,2566.0627,2929.683,574.27875
8206.142,503.30136,4412.8906,1449.4338,2339.2056,153.04237,4853.952,2565.8853,2929.4695,574.2006
8205.623,503.28134,4412.585,1449.4686,2339.4536,153.05484,4854.2676,2565.8591,2929.3374,574.22754
8202.9,502.96805,4411.095,1448.7655,2337.675,153.00215,4850.9307,2564.319,2928.0632,574.0388
8200.065,502.93942,4409.6426,1448.4414,2337.463,152.99007,4850.237,2563.914,2927.2373,573.8561
8372.161,482.52347,4321.113,1443.9727,2429.556,154.0125,4959.3784,2456.8604,2775.14,597.9615
8371.072,482.4774,4320.7065,1443.8386,2429.212,153.9912,4958.6484,2456.4646,2774.7761,597.8937
8370.595,482.51468,4320.5864,1443.8048,2429.1785,154.02089,4958.541,2456.5913,2774.88,597.87616
8367.674,482.2713,4318.503,1443.1736,2428.107,153.98903,4956.266,2455.1194,2773.2244,597.6936
8364.771,482.1863,4317.425,1442.7971,2427.4746,153.96,4955.021,2454.7085,2772.7422,597.51794
8396.384,479.93027,4303.9414,1448.0685,2350.8442,150.53947,4930.8945,2472.0032,2675.927,600.12305
8395.726,479.8989,4303.459,1447.9573,2350.5776,150.53221,4930.2856,2471.716,2675.6328,600.08716
8395.055,479.93344,4303.282,1447.8756,2350.59,150.55809,4930.23,2471.7063,2675.6829,600.0661
8391.542,479.69675,4301.4233,1447.3126,2349.4565,150.52466,4928.0557,2470.5286,2674.1748,599.87427
8389.189,479.59952,4300.2324,1446.9001,2348.863,150.48784,4926.626,2469.903,2673.6462,599.69037
8325.193,486.46234,4179.408,1404.6522,2296.6387,155.18665,4817.3784,2472.3618,2683.8103,609.687
8324.418,486.4243,4178.957,1404.5126,2296.48,155.22203,4816.961,2472.1094,2683.446,609.6645
8323.711,486.40652,4179.0176,1404.4911,2296.493,155.25009,4816.986,2472.0066,2683.2444,609.6174
8320.522,486.25046,4176.7344,1403.8301,2295.197,155.15587,4814.294,2470.9563,2682.3323,609.4114
8318.031,486.1203,4175.806,1403.5026,2294.7383,155.1568,4813.266,2470.279,2681.4778,609.2507
8376.225,465.25928,4050.471,1353.0975,2255.4106,147.7265,4765.0693,2482.2673,2574.4363,596.18695
8375.267,465.2177,4049.9849,1352.9711,2255.1064,147.72601,4764.5283,2481.9219,2574.1694,596.1428
8374.597,465.31104,4050.3196,1353.1011,2255.265,147.76248,4764.5195,2481.7915,2574.4597,596.1746
8371.714,465.01532,4047.632,1352.2275,2254.0996,147.6981,4762.4385,2480.954,2572.6516,595.8934
8368.85,464.93674,4046.9414,1351.9938,2253.483,147.68423,4760.958,2480.1162,2572.2456,595.75385
8592.62,473.46823,4007.443,1377.5262,2448.456,151.24113,5102.504,2558.1897,2567.4236,609.6747
8591.639,473.4323,4006.9731,1377.3899,2448.1162,151.2377,5101.7676,2557.9072,2567.137,609.62006
8591.118,473.4206,4007.0,1377.352,2448.006,151.24751,5101.4907,2557.729,2567.0771,609.59247
8588.094,473.26083,4004.944,1376.7986,2447.1738,151.21968,5099.742,2556.862,2565.9521,609.4048
8585.12,473.14053,4003.9824,1376.4076,2446.3435,151.1914,5098.0073,2556.0095,2565.2559,609.2179
8626.341,462.71017,3967.6267,1366.5201,2510.8596,152.11487,5215.3135,2553.6084,2572.0872,606.662
8625.201,462.67435,3967.0784,1366.3529,2510.3784,152.12643,5214.396,2553.2698,2571.7507,606.6098
8624.674,462.6949,3967.034,1366.3356,2510.2573,152.1384,5214.124,2553.1538,2571.6995,606.58374
8621.682,462.48422,3965.2969,1365.7677,2509.445,152.10478,5212.381,2552.279,2570.5916,606.391
8618.793,462.39273,3964.1665,1365.393,2508.57,152.07335,5210.573,2551.4182,2569.8845,606.2166
8484.668,459.46225,4039.234,1358.545,2348.5613,157.23775,5131.8267,2613.3958,2572.6465,610.95184
8483.737,459.42578,4038.7222,1358.39,2348.3008,157.25577,5131.236,2613.063,2572.3325,610.93054
8483.65,459.40448,4038.428,1358.3152,2348.6257,157.2681,5131.234,2612.937,2572.141,610.8909
8479.378,459.24643,4036.9805,1357.7974,2346.846,157.23026,5128.6455,2611.936,2571.2058,610.66833
8477.289,459.13437,4035.7427,1357.4313,2346.5571,157.19235,5127.38,2611.1658,2570.4495,610.51654
8291.876,454.967,4069.6428,1412.0228,2211.3464,154.79031,4942.132,2586.163,2605.336,608.4849
8290.858,454.9436,4069.106,1411.8776,2211.14,154.83067,4941.602,2585.8533,2605.0215,608.41846
8290.75,454.9432,4068.7927,1411.7885,2211.2974,154.83372,4941.487,2585.6711,2604.8848,608.40814
8286.612,454.76608,4067.3965,1411.2936,2209.9004,154.75056,4939.2256,2584.7437,2603.9004,608.21735
8284.593,454.65833,4066.107,1410.8676,2209.4968,154.76039,4937.883,2583.9602,2603.1174,608.03076
8154.9043,460.00702,4060.8057,1349.4122,2204.9731,150.07947,4932.5425,2547.7498,2598.0144,619.6972
8153.9062,460.03336,4060.4065,1349.3064,2204.965,150.11224,4932.1987,2547.4841,2597.827,619.69135
8154.036,460.0452,4060.2114,1349.3258,2204.9563,150.13895,4932.016,2547.4844,2597.6753,619.67926
8149.471,459.81866,4058.4683,1348.5942,2203.6921,150.04825,4929.6157,2546.2156,2596.6416,619.4009
8147.75,459.72083,4057.3357,1348.3229,2203.2222,150.05019,4928.366,2545.5986,2595.8638,619.2615
8039.3184,460.91187,3946.258,1312.441,2239.6692,150.03993,4988.822,2469.0977,2522.989,607.90656
8038.148,460.8644,3945.7812,1312.2856,2239.2158,150.03412,4987.8286,2468.7373,2522.7307,607.83905
8038.2856,460.85532,3945.6826,1312.2698,2239.1184,150.04887,4987.576,2468.7058,2522.5964,607.8106
8034.2427,460.71967,3943.855,1311.684,2238.4004,150.01982,4985.9404,2467.6255,2521.4148,607.6136
8032.188,460.58127,3942.8386,1311.361,2237.648,149.98924,4984.247,2466.959,2520.8474,607.44543
8349.467,462.3431,4018.1428,1342.9445,2333.5122,151.68333,5160.5483,2561.5774,2552.8855,627.6103
8348.2295,462.2788,4017.6108,1342.713,2333.1243,151.66554,5159.773,2561.2488,2552.437,627.5302
8347.679,462.2725,4017.2896,1342.6698,2333.0361,151.69194,5159.4927,2561.082,2552.3357,627.535
8344.842,462.1402,4015.9485,1342.2361,2332.2573,151.66103,5157.6753,2560.2224,2551.488,627.33386
8341.984,462.00238,4014.5938,1341.7877,2331.5125,151.6236,5156.017,2559.3665,2550.6277,627.1306
8352.696,479.74188,4094.4854,1397.6124,2417.5034,175.40178,5174.6206,2598.0303,2642.7642,644.04034
8351.558,479.71442,4093.918,1397.4564,2417.2966,175.332,5174.1978,2597.5884,2642.466,643.98706
8350.971,479.70828,4093.6538,1397.4131,2417.1565,175.36374,5173.843,2597.5308,2642.2913,643.9626
8348.119,479.5575,4092.272,1396.9346,2416.3113,175.33527,5172.008,2596.6443,2641.3823,643.7589
8345.274,479.41064,4090.9414,1396.4697,2415.5107,175.26396,5170.3076,2595.7915,2640.516,643.55914
8237.021,475.7826,4164.9854,1349.2491,2281.505,194.62982,5000.0986,2606.1619,2576.8184,642.2268
8236.118,475.75845,4164.572,1349.1399,2281.3213,194.60597,4999.551,2605.8958,2576.5232,642.18414
8236.069,475.76102,4164.3213,1349.1241,2281.574,194.63412,4999.806,2605.725,2576.4985,642.1991
8231.824,475.59726,4162.638,1348.4719,2280.0005,194.58684,4996.952,2604.673,2575.2788,641.94073
8229.843,475.46094,4161.4336,1348.1583,2279.6042,194.54315,4995.7812,2603.9583,2574.6304,641.7627
8168.88,487.1517,4073.726,1364.0333,2186.3496,211.24141,4845.625,2570.5027,2555.9062,633.0529
8167.785,487.08887,4073.18,1363.8601,2185.9976,211.24109,4845.142,2570.1506,2555.5427,633.0134
8167.271,487.07352,4072.9746,1363.7855,2186.2227,211.25941,4845.174,2569.9978,2555.432,633.0058
8164.421,486.93396,4071.4163,1363.3391,2184.7822,211.20192,4842.265,2569.1357,2554.4688,632.74225
8161.719,486.78516,4070.1816,1362.897,2184.4402,211.1402,4841.4297,2568.2878,2553.703,632.5893
8109.0435,474.7647,4017.8013,1363.4908,2052.3296,205.5742,4620.8516,2506.5276,2494.6682,601.11346
8108.1836,474.7238,4017.3638,1363.3833,2052.0386,205.58365,4620.087,2506.3135,2494.4092,601.05316
8108.092,474.74252,4017.3337,1363.3315,2052.3376,205.59128,4620.603,2506.392,2494.5059,601.1554
8104.0044,474.53403,4015.3457,1362.7747,2050.6797,205.5294,4617.507,2504.983,2493.0938,600.72687
8101.991,474.43298,4014.344,1362.3934,2050.5513,205.4893,4616.731,2504.428,2492.5537,600.6638
8050.8096,473.93793,3975.454,1354.7697,2007.7391,201.77092,4691.124,2483.504,2542.7756,584.3967
8049.714,473.91104,3974.9033,1354.6096,2007.4902,201.77235,4690.478,2483.1572,2542.4097,584.3238
8049.309,473.9217,3974.754,1354.5275,2007.384,201.781,4690.093,2483.0679,2542.2517,584.34186
8046.067,473.73737,3973.085,1354.0677,2006.5392,201.72719,4688.4873,2482.063,2541.4077,584.08545
8043.707,473.616,3971.9832,1353.6583,2006.0386,201.68431,4686.999,2481.3657,2540.5752,583.95825
8150.053,491.09607,4016.2693,1373.6344,2086.3076,217.42471,4872.3477,2554.0752,2584.12,588.6063
8149.057,491.03085,4015.8335,1373.5442,2086.0662,217.43758,4871.6216,2553.773,2583.867,588.57385
8148.587,491.03394,4015.6448,1373.4528,2085.9707,217.45924,4871.3896,2553.6274,2583.6782,588.5642
8145.4106,490.88544,4014.0266,1372.9432,2085.2517,217.39395,4869.7134,2552.7544,2582.7957,588.3173
8142.934,490.72012,4012.8271,1372.5356,2084.517,217.3307,4867.977,2551.8958,2581.934,588.1799
8190.181,516.3938,3976.564,1415.4197,2052.1897,220.9786,4894.562,2658.7935,2590.9707,588.31824
8189.0947,516.35016,3976.039,1415.1437,2051.9016,220.97008,4893.8247,2658.4595,2590.5923,588.24817
8188.518,516.344,3975.735,1415.1096,2051.9775,220.98312,4893.7476,2658.332,2590.4626,588.2491
8185.703,516.1828,3974.3794,1414.6548,2050.9448,220.92673,4891.866,2657.417,2589.5898,588.0471
8182.893,516.0211,3973.1062,1414.1661,2050.4314,220.87814,4890.2534,2656.4885,2588.7334,587.88165
8306.494,518.46387,4051.2017,1488.6887,2185.8599,226.08572,5116.9556,2747.4539,2682.9343,616.0819
8305.33,518.41016,4050.6487,1488.4998,2185.536,226.08789,5116.1953,2747.1047,2682.6084,616.0368
8304.74,518.387,4050.3535,1488.4363,2185.4495,226.08968,5115.8975,2746.958,2682.4526,616.0188
8301.921,518.23566,4048.9956,1487.9384,2184.7126,226.03229,5114.16,2746.0186,2681.5376,615.82166
8299.196,518.0928,4047.6416,1487.434,2183.949,225.97452,5112.3765,2745.0642,2680.6328,615.62067
8341.941,524.88916,4068.9558,1518.7001,2240.0552,223.25041,5164.4766,2767.846,2678.1707,635.8938
8340.965,524.83466,4068.5884,1518.5616,2239.8784,223.24515,5164.0483,2767.5962,2678.018,635.83624
8340.384,524.8235,4068.2563,1518.5045,2239.719,223.26366,5163.673,2767.4104,2677.829,635.81726
8337.124,524.66406,4066.801,1517.9756,2238.9065,223.17699,5161.553,2766.4224,2676.646,635.61584
8334.659,524.5041,4065.5068,1517.4464,2238.1716,223.14342,5160.0615,2765.5134,2675.9595,635.412
8168.1094,530.7087,4008.6724,1490.9739,2202.3193,220.48222,5052.9673,2732.176,2551.456,639.0644
8167.139,530.72174,4008.1755,1490.8043,2202.0955,220.49133,5052.4453,2731.8552,2551.1711,639.0149
8166.8804,530.7244,4008.0034,1490.8198,2201.9167,220.49664,5052.033,2731.6667,2551.296,638.9855
8163.148,530.48694,4006.2664,1490.0842,2201.182,220.4209,5050.2397,2730.674,2549.7112,638.78485
8160.969,530.3598,4005.2,1489.7355,2200.4758,220.38576,5048.6475,2729.852,2549.273,638.5895
8087.7485,510.25873,3941.6052,1485.1895,2126.5334,209.6717,4933.1514,2804.5403,2484.1047,644.95557
8086.6226,510.16824,3941.182,1485.0068,2126.2607,209.6812,4932.4946,2804.2224,2483.7346,644.8936
8086.1685,510.18118,3941.326,1484.9176,2126.2532,209.71988,4932.376,2804.0679,2483.8171,644.8543
8082.833,510.00146,3939.1318,1484.412,2125.196,209.58574,4929.965,2803.0986,2482.5715,644.65906
8080.601,509.87476,3938.2368,1483.9535,2124.7136,209.58266,4928.8296,2802.1272,2481.9685,644.4626
8209.904,540.4692,3935.7485,1507.8265,2278.3772,216.1793,5132.6143,2900.2458,2494.2097,656.05286
8208.991,540.38135,3935.1626,1507.6698,2278.079,216.1682,5131.8145,2899.9138,2493.9404,656.00415
8208.551,540.3859,3935.06,1507.6658,2277.9346,216.18182,5131.4863,2899.739,2493.9785,655.99756
8205.302,540.22345,3933.4307,1507.031,2277.173,216.12747,5129.7646,2898.7437,2492.7512,655.7617
8202.787,540.04846,3932.3,1506.5945,2276.39,216.07272,5127.999,2897.786,2492.1057,655.5712
8077.886,546.25977,3973.2053,1466.5719,2094.5708,205.75238,4967.067,2828.2234,2454.8342,620.8256
8076.9663,546.2253,3972.7327,1466.3446,2094.2417,205.73657,4966.266,2827.8975,2454.5276,620.75995
8076.514,546.2734,3972.486,1466.3638,2094.6047,205.7548,4966.488,2827.8408,2454.5955,620.8722
8073.5146,545.99475,3970.9973,1465.6711,2093.003,205.67076,4963.9946,2826.5085,2453.2568,620.4061
8070.875,545.8747,3969.783,1465.334,2092.7463,205.65169,4962.6606,2825.7993,2452.7317,620.354
8221.937,514.76135,3884.3225,1453.8324,2080.8276,209.01797,5203.918,2835.567,2434.0337,598.95276
8220.875,514.7619,3883.6848,1453.642,2080.5762,208.96507,5203.173,2835.1812,2433.688,598.8911
8220.42,514.7974,3883.77,1453.6453,2080.5278,209.01228,5202.842,2835.0103,2433.6326,598.9778
8217.211,514.45337,3881.7183,1452.9508,2079.6062,208.95944,5201.076,2833.9475,2432.5435,598.6036
8214.708,514.4123,3880.8704,1452.6119,2079.0684,208.90593,5199.3066,2833.1138,2431.924,598.5093
8362.714,482.30927,3859.2795,1414.5237,2127.2998,226.79848,5242.911,2849.723,2501.824,605.7316
8361.478,482.28394,3858.7847,1414.3232,2127.156,226.7878,5242.4185,2849.3552,2501.5493,605.6853
8360.983,482.34,3858.693,1414.3312,2126.9727,226.80424,5241.985,2849.2146,2501.4045,605.66345
8358.117,482.02295,3857.0334,1413.6841,2126.2454,226.7441,5240.169,2848.2004,2500.5452,605.4723
8355.292,481.97382,3855.9338,1413.3392,2125.5107,226.68051,5238.352,2847.2717,2499.7063,605.28046
8430.019,479.50354,3903.6653,1396.1501,2050.8335,237.99619,5238.1504,2904.6917,2500.316,603.9297
8429.238,479.46497,3903.309,1396.0299,2050.4226,237.9741,5237.386,2904.4512,2499.9888,603.87366
8428.674,479.47144,3903.0076,1396.0139,2050.5715,237.98582,5237.143,2904.1921,2499.7927,603.85175
8425.314,479.26605,3901.5974,1395.2977,2049.574,237.92632,5235.3306,2903.1792,2498.889,603.63495
8422.78,479.1687,3900.3293,1395.0125,2049.0217,237.85454,5233.5396,2902.2266,2498.131,603.4834
8512.351,478.5761,3805.8965,1397.0966,2233.3965,245.6554,5473.2065,2955.9968,2499.9463,614.42053
8511.064,478.5323,3805.3494,1396.9279,2233.0828,245.65446,5472.3696,2955.615,2499.6387,614.36285
8510.536,478.52716,3805.5022,1396.8427,2232.9482,245.65779,5472.047,2955.4585,2499.476,614.33215
8507.639,478.35046,3803.44,1396.3871,2232.2078,245.5925,5470.192,2954.447,2498.5945,614.1424
8504.728,478.2424,3802.5708,1395.9557,2231.4636,245.52586,5468.3154,2953.454,2497.8225,613.9664
8887.203,473.88184,3781.1665,1411.7681,2217.9653,246.48042,5462.726,3047.3079,2546.6611,606.6566
8885.989,473.86304,3780.6736,1411.6334,2217.7288,246.45013,5462.162,3046.9248,2546.3716,606.615
8885.453,473.856,3780.5645,1411.5697,2217.58,246.4879,5461.7925,3046.7405,2546.1995,606.60205
8882.381,473.69174,3778.891,1411.0382,2216.8044,246.4165,5459.6846,3045.7014,2545.3254,606.38354
8879.291,473.56332,3777.8882,1410.6211,2216.1028,246.34232,5458.029,3044.6528,2544.5027,606.2171
8884.019,474.55743,3762.0737,1419.0018,2155.2437,278.2458,5407.4355,3037.9758,2483.0596,599.92633
8882.932,474.53793,3761.634,1418.8446,2155.1409,278.21573,5406.8916,3037.585,2482.812,599.8892
8882.249,474.54227,3761.3394,1418.7493,2154.9514,278.23727,5406.5825,3037.3887,2482.6975,599.8685
8879.202,474.36084,3760.0005,1418.2836,2154.198,278.15942,5404.5947,3036.362,2481.6104,599.6626
8876.209,474.238,3758.8372,1417.8097,2153.5347,278.06766,5402.8457,3035.3643,2480.966,599.4947
9039.464,462.40643,3773.1685,1437.0604,1848.8478,298.67667,5489.0337,3115.577,2251.06,617.49274
9038.147,462.3814,3772.721,1436.8727,1848.7701,298.643,5488.446,3115.1309,2250.829,617.43524
9037.677,462.37283,3772.595,1436.7845,1849.7896,298.66177,5488.158,3114.984,2251.0566,617.4192
9034.545,462.19412,3770.999,1436.3177,1846.6287,298.57776,5486.1567,3113.921,2249.5212,617.22455
9031.426,462.09534,3769.92,1435.8555,1847.2589,298.48877,5484.323,3112.8738,2249.1638,617.0399
9263.648,462.9224,3751.468,1434.9884,1772.057,295.967,5640.5806,3049.1636,2313.272,611.8416
9262.432,462.89352,3750.977,1434.8403,1771.8093,295.95117,5639.835,3048.6177,2313.0747,611.7852
9261.731,462.88065,3750.8396,1434.7743,1771.8761,295.95746,5639.5684,3048.6135,2313.0564,611.77747
9258.569,462.72244,3749.2434,1434.1664,1771.0697,295.8642,5637.5923,3047.1487,2311.936,611.54114
9255.406,462.59738,3748.2134,1433.8007,1770.56,295.7941,5635.5654,3046.456,2311.3352,611.3879
